{
"type": "FeatureCollection",
"name": "hopitaux_grand_est_4326",
"crs": { "type": "name", "properties": { "name": "urn:ogc:def:crs:OGC:1.3:CRS84" } },
"features": [
{ "type": "Feature", "properties": { "rs": "CENTRE HOSPITALIER DE SEDAN", "numvoie": 2, "typvoie": "AV", "voie": "GENERAL MARGUERITTE", "compvoie": null, "lieuditbp": "CS 40903", "region": 44, "libregion": "GRAND EST", "departemen": "08", "libdeparte": "ARDENNES", "cog": "08409", "codepostal": 8209, "libelle_ro": "SEDAN CEDEX", "telephone": "03 24 22 80 00", "libcateget": "C.H.", "liblongcat": "Centre Hospitalier (C.H.)", "libcategre": "Centres Hospitaliers", "libcodeape": "Activités hospitalières", "mft": 3, "libmft": "ARS / DG EPS", "liblongmft": "ARS établissements Publics de santé dotation globale", "sph": "1", "libsph": "Etab.public de santé", "coordx": 840050.2, "coordy": 6957949.6, "dateautor": "1901-01-01", "dateouvert": "1901-01-01", "cleabs": "COMMUNE_0000000000008409", "nom_offici": "Sedan", "nom_offi_1": "SEDAN", "code_insee": "08409", "superficie": 1630, "typo_urb_r": "urbain densité intermédiaire", "code_urb_r": 5, "REG": 44, "Région": "Grand Est", "DEP": 8, "CODCOM": 409, "Commune": "Sedan", "PTOT": 17075 }, "geometry": { "type": "Point", "coordinates": [ 4.940529659353658, 49.705097254516311 ] } },
{ "type": "Feature", "properties": { "rs": "CENTRE HOSPITALIER DE RETHEL", "numvoie": 1, "typvoie": "PL", "voie": "HOURTOULE", "compvoie": null, "lieuditbp": null, "region": 44, "libregion": "GRAND EST", "departemen": "08", "libdeparte": "ARDENNES", "cog": "08362", "codepostal": 8300, "libelle_ro": "RETHEL", "telephone": "03 24 38 66 66", "libcateget": "C.H.", "liblongcat": "Centre Hospitalier (C.H.)", "libcategre": "Centres Hospitaliers", "libcodeape": "Activités hospitalières", "mft": 3, "libmft": "ARS / DG EPS", "liblongmft": "ARS établissements Publics de santé dotation globale", "sph": "1", "libsph": "Etab.public de santé", "coordx": 798816.0, "coordy": 6935433.7, "dateautor": "1901-01-01", "dateouvert": "1901-01-01", "cleabs": "COMMUNE_0000000000008362", "nom_offici": "Rethel", "nom_offi_1": "RETHEL", "code_insee": "08362", "superficie": 1860, "typo_urb_r": "urbain densité intermédiaire", "code_urb_r": 5, "REG": 44, "Région": "Grand Est", "DEP": 8, "CODCOM": 362, "Commune": "Rethel", "PTOT": 7703 }, "geometry": { "type": "Point", "coordinates": [ 4.36393983956791, 49.510558129195218 ] } },
{ "type": "Feature", "properties": { "rs": "CENTRE HOSPITALIER DE VOUZIERS", "numvoie": 12, "typvoie": "R", "voie": "HENRIONNET", "compvoie": null, "lieuditbp": null, "region": 44, "libregion": "GRAND EST", "departemen": "08", "libdeparte": "ARDENNES", "cog": "08490", "codepostal": 8400, "libelle_ro": "VOUZIERS", "telephone": "03 24 30 71 00", "libcateget": "C.H.", "liblongcat": "Centre Hospitalier (C.H.)", "libcategre": "Centres Hospitaliers", "libcodeape": "Activités hospitalières", "mft": 3, "libmft": "ARS / DG EPS", "liblongmft": "ARS établissements Publics de santé dotation globale", "sph": "1", "libsph": "Etab.public de santé", "coordx": 823566.5, "coordy": 6923088.7, "dateautor": "1904-04-04", "dateouvert": "1904-04-04", "cleabs": "COMMUNE_0000000000008490", "nom_offici": "Vouziers", "nom_offi_1": "VOUZIERS", "code_insee": "08490", "superficie": 4250, "typo_urb_r": "rural autonome peu dense", "code_urb_r": 1, "REG": 44, "Région": "Grand Est", "DEP": 8, "CODCOM": 490, "Commune": "Vouziers", "PTOT": 3979 }, "geometry": { "type": "Point", "coordinates": [ 4.701799434307636, 49.395305371880312 ] } },
{ "type": "Feature", "properties": { "rs": "CENTRE HOSPITALIER DE FUMAY", "numvoie": 30, "typvoie": "PL", "voie": "DU BATY", "compvoie": null, "lieuditbp": null, "region": 44, "libregion": "GRAND EST", "departemen": "08", "libdeparte": "ARDENNES", "cog": "08185", "codepostal": 8170, "libelle_ro": "FUMAY", "telephone": "03 24 36 26 00", "libcateget": "C.H.", "liblongcat": "Centre Hospitalier (C.H.)", "libcategre": "Centres Hospitaliers", "libcodeape": "Activités hospitalières", "mft": 3, "libmft": "ARS / DG EPS", "liblongmft": "ARS établissements Publics de santé dotation globale", "sph": "1", "libsph": "Etab.public de santé", "coordx": 822679.8, "coordy": 6989519.5, "dateautor": "1901-01-01", "dateouvert": "1901-01-01", "cleabs": "COMMUNE_0000000000008185", "nom_offici": "Fumay", "nom_offi_1": "FUMAY", "code_insee": "08185", "superficie": 3760, "typo_urb_r": "rural autonome peu dense", "code_urb_r": 1, "REG": 44, "Région": "Grand Est", "DEP": 8, "CODCOM": 185, "Commune": "Fumay", "PTOT": 3165 }, "geometry": { "type": "Point", "coordinates": [ 4.709394315713974, 49.992244328609836 ] } },
{ "type": "Feature", "properties": { "rs": "CENTRE HOSPITALIER DE NOUZONVILLE", "numvoie": 65, "typvoie": "R", "voie": "EDOUARD VAILLANT", "compvoie": null, "lieuditbp": "BP 33", "region": 44, "libregion": "GRAND EST", "departemen": "08", "libdeparte": "ARDENNES", "cog": "08328", "codepostal": 8700, "libelle_ro": "NOUZONVILLE", "telephone": "03 24 53 93 20", "libcateget": "C.H.", "liblongcat": "Centre Hospitalier (C.H.)", "libcategre": "Centres Hospitaliers", "libcodeape": "Activités hospitalières", "mft": 3, "libmft": "ARS / DG EPS", "liblongmft": "ARS établissements Publics de santé dotation globale", "sph": "1", "libsph": "Etab.public de santé", "coordx": 825840.5, "coordy": 6969847.2, "dateautor": "1928-04-05", "dateouvert": "1928-04-05", "cleabs": "COMMUNE_0000000000008328", "nom_offici": "Nouzonville", "nom_offi_1": "NOUZONVILLE", "code_insee": "08328", "superficie": 1090, "typo_urb_r": "urbain densité intermédiaire", "code_urb_r": 5, "REG": 44, "Région": "Grand Est", "DEP": 8, "CODCOM": 328, "Commune": "Nouzonville", "PTOT": 5616 }, "geometry": { "type": "Point", "coordinates": [ 4.74735583123636, 49.814945919037065 ] } },
{ "type": "Feature", "properties": { "rs": "CH CHARLEVILLE - HOPITAL MANCHESTER", "numvoie": 45, "typvoie": "AV", "voie": "DE MANCHESTER", "compvoie": null, "lieuditbp": "BP 10900", "region": 44, "libregion": "GRAND EST", "departemen": "08", "libdeparte": "ARDENNES", "cog": "08105", "codepostal": 8011, "libelle_ro": "CHARLEVILLE MEZIERES CEDEX", "telephone": "03 24 58 70 70", "libcateget": "C.H.", "liblongcat": "Centre Hospitalier (C.H.)", "libcategre": "Centres Hospitaliers", "libcodeape": "Activités hospitalières", "mft": 3, "libmft": "ARS / DG EPS", "liblongmft": "ARS établissements Publics de santé dotation globale", "sph": "1", "libsph": "Etab.public de santé", "coordx": 822438.3, "coordy": 6963956.0, "dateautor": "1930-06-01", "dateouvert": "1930-06-01", "cleabs": "COMMUNE_0000000000008105", "nom_offici": "Charleville-Mézières", "nom_offi_1": "CHARLEVILLE-MEZIERES", "code_insee": "08105", "superficie": 3140, "typo_urb_r": "urbain densité intermédiaire", "code_urb_r": 5, "REG": 44, "Région": "Grand Est", "DEP": 8, "CODCOM": 105, "Commune": "Charleville-Mézières", "PTOT": 46630 }, "geometry": { "type": "Point", "coordinates": [ 4.698370258829589, 49.762696412604214 ] } },
{ "type": "Feature", "properties": { "rs": "ANTENNE DE SMUR - CH CHARLEVILLE", "numvoie": null, "typvoie": "PL", "voie": "DU BATY", "compvoie": null, "lieuditbp": null, "region": 44, "libregion": "GRAND EST", "departemen": "08", "libdeparte": "ARDENNES", "cog": "08185", "codepostal": 8170, "libelle_ro": "FUMAY", "telephone": "03 24 36 26 00", "libcateget": "C.H.", "liblongcat": "Centre Hospitalier (C.H.)", "libcategre": "Centres Hospitaliers", "libcodeape": "Activités hospitalières", "mft": 3, "libmft": "ARS / DG EPS", "liblongmft": "ARS établissements Publics de santé dotation globale", "sph": "1", "libsph": "Etab.public de santé", "coordx": 822711.4, "coordy": 6989454.2, "dateautor": "2000-02-25", "dateouvert": "2000-03-26", "cleabs": "COMMUNE_0000000000008185", "nom_offici": "Fumay", "nom_offi_1": "FUMAY", "code_insee": "08185", "superficie": 3760, "typo_urb_r": "rural autonome peu dense", "code_urb_r": 1, "REG": 44, "Région": "Grand Est", "DEP": 8, "CODCOM": 185, "Commune": "Fumay", "PTOT": 3165 }, "geometry": { "type": "Point", "coordinates": [ 4.70981478686868, 49.991651785883974 ] } },
{ "type": "Feature", "properties": { "rs": "CLINIQUE DU PAYS DE SEINE", "numvoie": 83, "typvoie": "AV", "voie": "JEAN JAURES", "compvoie": null, "lieuditbp": null, "region": 44, "libregion": "GRAND EST", "departemen": "10", "libdeparte": "AUBE", "cog": "10323", "codepostal": 10100, "libelle_ro": "ROMILLY SUR SEINE", "telephone": "03 25 39 55 03", "libcateget": "Etab.Soins Chirur.", "liblongcat": "Etablissement de Soins Chirurgicaux", "libcategre": "Soins Courte Durée", "libcodeape": "Activités hospitalières", "mft": 7, "libmft": "ARS / san pr non DG", "liblongmft": "ARS établissements de santé non financés dotation globale", "sph": "0", "libsph": "Non concerné", "coordx": 753284.2, "coordy": 6824411.7, "dateautor": "1935-04-04", "dateouvert": "1935-04-04", "cleabs": "COMMUNE_0000000000010323", "nom_offici": "Romilly-sur-Seine", "nom_offi_1": "ROMILLY-SUR-SEINE", "code_insee": "10323", "superficie": 2530, "typo_urb_r": "urbain densité intermédiaire", "code_urb_r": 5, "REG": 44, "Région": "Grand Est", "DEP": 10, "CODCOM": 323, "Commune": "Romilly-sur-Seine", "PTOT": 15040 }, "geometry": { "type": "Point", "coordinates": [ 3.721521222799884, 48.517757891913 ] } },
{ "type": "Feature", "properties": { "rs": "CENTRE HOSPITALIER DE TROYES", "numvoie": 101, "typvoie": "AV", "voie": "ANATOLE FRANCE", "compvoie": null, "lieuditbp": null, "region": 44, "libregion": "GRAND EST", "departemen": "10", "libdeparte": "AUBE", "cog": "10387", "codepostal": 10003, "libelle_ro": "TROYES CEDEX", "telephone": "03 25 49 49 49", "libcateget": "C.H.", "liblongcat": "Centre Hospitalier (C.H.)", "libcategre": "Centres Hospitaliers", "libcodeape": "Activités hospitalières", "mft": 3, "libmft": "ARS / DG EPS", "liblongmft": "ARS établissements Publics de santé dotation globale", "sph": "1", "libsph": "Etab.public de santé", "coordx": 779288.0, "coordy": 6798265.9, "dateautor": "1961-06-29", "dateouvert": "1961-06-29", "cleabs": "COMMUNE_0000000000010387", "nom_offici": "Troyes", "nom_offi_1": "TROYES", "code_insee": "10387", "superficie": 1320, "typo_urb_r": "urbain dense", "code_urb_r": 6, "REG": 44, "Région": "Grand Est", "DEP": 10, "CODCOM": 387, "Commune": "Troyes", "PTOT": 63566 }, "geometry": { "type": "Point", "coordinates": [ 4.068810617865135, 48.279896709468993 ] } },
{ "type": "Feature", "properties": { "rs": "CENTRE HOSPITALIER DE BAR SUR AUBE", "numvoie": 2, "typvoie": "R", "voie": "GASTON CHEQ", "compvoie": null, "lieuditbp": null, "region": 44, "libregion": "GRAND EST", "departemen": "10", "libdeparte": "AUBE", "cog": "10033", "codepostal": 10200, "libelle_ro": "BAR SUR AUBE", "telephone": "03 25 27 09 97", "libcateget": "C.H. (ex H.L.)", "liblongcat": "Centre hospitalier, ex Hôpital local", "libcategre": "Hôpitaux Locaux", "libcodeape": "Activités hospitalières", "mft": 3, "libmft": "ARS / DG EPS", "liblongmft": "ARS établissements Publics de santé dotation globale", "sph": "1", "libsph": "Etab.public de santé", "coordx": 827333.7, "coordy": 6793709.5, "dateautor": "1904-04-04", "dateouvert": "1904-04-04", "cleabs": "COMMUNE_0000000000010033", "nom_offici": "Bar-sur-Aube", "nom_offi_1": "BAR-SUR-AUBE", "code_insee": "10033", "superficie": 1630, "typo_urb_r": "rural autonome peu dense", "code_urb_r": 1, "REG": 44, "Région": "Grand Est", "DEP": 10, "CODCOM": 33, "Commune": "Bar-sur-Aube", "PTOT": 4947 }, "geometry": { "type": "Point", "coordinates": [ 4.714972581353473, 48.231286404934849 ] } },
{ "type": "Feature", "properties": { "rs": "POLYCLINIQUE  MONTIER LA CELLE", "numvoie": 17, "typvoie": "R", "voie": "BALTET", "compvoie": null, "lieuditbp": null, "region": 44, "libregion": "GRAND EST", "departemen": "10", "libdeparte": "AUBE", "cog": "10333", "codepostal": 10120, "libelle_ro": "ST ANDRE LES VERGERS", "telephone": "03 25 75 94 66", "libcateget": "Etab.Soins Pluridis.", "liblongcat": "Etablissement de Soins Pluridisciplinaire", "libcategre": "Soins Courte Durée", "libcodeape": "Activités hospitalières", "mft": 7, "libmft": "ARS / san pr non DG", "liblongmft": "ARS établissements de santé non financés dotation globale", "sph": "0", "libsph": "Non concerné", "coordx": 778426.2, "coordy": 6798823.3, "dateautor": "1972-08-08", "dateouvert": "1972-08-08", "cleabs": "COMMUNE_0000000000010333", "nom_offici": "Saint-André-les-Vergers", "nom_offi_1": "SAINT-ANDRE-LES-VERGERS", "code_insee": "10333", "superficie": 590, "typo_urb_r": "urbain dense", "code_urb_r": 6, "REG": 44, "Région": "Grand Est", "DEP": 10, "CODCOM": 333, "Commune": "Saint-André-les-Vergers", "PTOT": 12896 }, "geometry": { "type": "Point", "coordinates": [ 4.057295461569783, 48.285015787365943 ] } },
{ "type": "Feature", "properties": { "rs": "CH DE PROXIMITE CHRISTIAN BRAUN", "numvoie": 6, "typvoie": "R", "voie": "DU STADE", "compvoie": null, "lieuditbp": null, "region": 44, "libregion": "GRAND EST", "departemen": "10", "libdeparte": "AUBE", "cog": "10034", "codepostal": 10110, "libelle_ro": "BAR SUR SEINE", "telephone": "03 25 38 38 38", "libcateget": "C.H. (ex H.L.)", "liblongcat": "Centre hospitalier, ex Hôpital local", "libcategre": "Hôpitaux Locaux", "libcodeape": "Activités hospitalières", "mft": 3, "libmft": "ARS / DG EPS", "liblongmft": "ARS établissements Publics de santé dotation globale", "sph": "1", "libsph": "Etab.public de santé", "coordx": 802201.9, "coordy": 6780925.0, "dateautor": "1904-04-04", "dateouvert": "1904-04-04", "cleabs": "COMMUNE_0000000000010034", "nom_offici": "Bar-sur-Seine", "nom_offi_1": "BAR-SUR-SEINE", "code_insee": "10034", "superficie": 2750, "typo_urb_r": "rural autonome peu dense", "code_urb_r": 1, "REG": 44, "Région": "Grand Est", "DEP": 10, "CODCOM": 34, "Commune": "Bar-sur-Seine", "PTOT": 3066 }, "geometry": { "type": "Point", "coordinates": [ 4.373571072714321, 48.120694706795859 ] } },
{ "type": "Feature", "properties": { "rs": "CENTRE HOSPITALIER DE ROMILLY/SEINE", "numvoie": null, "typvoie": "AV", "voie": "PAUL V COUTURIER", "compvoie": null, "lieuditbp": null, "region": 44, "libregion": "GRAND EST", "departemen": "10", "libdeparte": "AUBE", "cog": "10323", "codepostal": 10105, "libelle_ro": "ROMILLY SUR SEINE CEDEX", "telephone": "03 25 21 96 00", "libcateget": "C.H.", "liblongcat": "Centre Hospitalier (C.H.)", "libcategre": "Centres Hospitaliers", "libcodeape": "Activités hospitalières", "mft": 3, "libmft": "ARS / DG EPS", "liblongmft": "ARS établissements Publics de santé dotation globale", "sph": "1", "libsph": "Etab.public de santé", "coordx": 753660.6, "coordy": 6824581.3, "dateautor": "1904-04-04", "dateouvert": "1904-04-04", "cleabs": "COMMUNE_0000000000010323", "nom_offici": "Romilly-sur-Seine", "nom_offi_1": "ROMILLY-SUR-SEINE", "code_insee": "10323", "superficie": 2530, "typo_urb_r": "urbain densité intermédiaire", "code_urb_r": 5, "REG": 44, "Région": "Grand Est", "DEP": 10, "CODCOM": 323, "Commune": "Romilly-sur-Seine", "PTOT": 15040 }, "geometry": { "type": "Point", "coordinates": [ 3.726638900615113, 48.519252463816663 ] } },
{ "type": "Feature", "properties": { "rs": "HOPITAL LOCAL DE NOGENT-SUR-SEINE", "numvoie": 5, "typvoie": "PL", "voie": "ARISTIDE BRIAND", "compvoie": null, "lieuditbp": null, "region": 44, "libregion": "GRAND EST", "departemen": "10", "libdeparte": "AUBE", "cog": "10268", "codepostal": 10400, "libelle_ro": "NOGENT SUR SEINE", "telephone": "03 25 39 87 08", "libcateget": "C.H.", "liblongcat": "Centre Hospitalier (C.H.)", "libcategre": "Centres Hospitaliers", "libcodeape": "Activités hospitalières", "mft": 3, "libmft": "ARS / DG EPS", "liblongmft": "ARS établissements Publics de santé dotation globale", "sph": "1", "libsph": "Etab.public de santé", "coordx": 737075.3, "coordy": 6821517.0, "dateautor": "1904-04-04", "dateouvert": "1904-04-04", "cleabs": "COMMUNE_0000000000010268", "nom_offici": "Nogent-sur-Seine", "nom_offi_1": "NOGENT-SUR-SEINE", "code_insee": "10268", "superficie": 2010, "typo_urb_r": "urbain densité intermédiaire", "code_urb_r": 5, "REG": 44, "Région": "Grand Est", "DEP": 10, "CODCOM": 268, "Commune": "Nogent-sur-Seine", "PTOT": 5770 }, "geometry": { "type": "Point", "coordinates": [ 3.501794663017049, 48.492847764384038 ] } },
{ "type": "Feature", "properties": { "rs": "CLINIQUE DE CHAMPAGNE", "numvoie": 4, "typvoie": "R", "voie": "CHAIM SOUTINE", "compvoie": null, "lieuditbp": null, "region": 44, "libregion": "GRAND EST", "departemen": "10", "libdeparte": "AUBE", "cog": "10387", "codepostal": 10012, "libelle_ro": "TROYES CEDEX", "telephone": "08 20 15 11 11", "libcateget": "Etab.Soins Médicaux", "liblongcat": "Etablissement de Soins Médicaux", "libcategre": "Soins Courte Durée", "libcodeape": "Activités hospitalières", "mft": 7, "libmft": "ARS / san pr non DG", "liblongmft": "ARS établissements de santé non financés dotation globale", "sph": "0", "libsph": "Non concerné", "coordx": 778066.3, "coordy": 6801169.8, "dateautor": "1979-07-21", "dateouvert": "1979-07-21", "cleabs": "COMMUNE_0000000000010387", "nom_offici": "Troyes", "nom_offi_1": "TROYES", "code_insee": "10387", "superficie": 1320, "typo_urb_r": "urbain dense", "code_urb_r": 6, "REG": 44, "Région": "Grand Est", "DEP": 10, "CODCOM": 387, "Commune": "Troyes", "PTOT": 63566 }, "geometry": { "type": "Point", "coordinates": [ 4.052865856102899, 48.306169347135395 ] } },
{ "type": "Feature", "properties": { "rs": "HAD GHAM", "numvoie": null, "typvoie": "AV", "voie": "PAUL VAILLANT COUTURIER", "compvoie": null, "lieuditbp": null, "region": 44, "libregion": "GRAND EST", "departemen": "10", "libdeparte": "AUBE", "cog": "10323", "codepostal": 10105, "libelle_ro": "ROMILLY SUR SEINE CEDEX", "telephone": null, "libcateget": "C.H.", "liblongcat": "Centre Hospitalier (C.H.)", "libcategre": "Centres Hospitaliers", "libcodeape": "Activités hospitalières", "mft": 3, "libmft": "ARS / DG EPS", "liblongmft": "ARS établissements Publics de santé dotation globale", "sph": "1", "libsph": "Etab.public de santé", "coordx": 753145.6, "coordy": 6824130.1, "dateautor": "2007-06-26", "dateouvert": "2008-12-12", "cleabs": "COMMUNE_0000000000010323", "nom_offici": "Romilly-sur-Seine", "nom_offi_1": "ROMILLY-SUR-SEINE", "code_insee": "10323", "superficie": 2530, "typo_urb_r": "urbain densité intermédiaire", "code_urb_r": 5, "REG": 44, "Région": "Grand Est", "DEP": 10, "CODCOM": 323, "Commune": "Romilly-sur-Seine", "PTOT": 15040 }, "geometry": { "type": "Point", "coordinates": [ 3.719609795162982, 48.515236157915844 ] } },
{ "type": "Feature", "properties": { "rs": "MCO COMTE HENRI - CH DE TROYES", "numvoie": 37, "typvoie": "R", "voie": "DE LA MARNE", "compvoie": null, "lieuditbp": null, "region": 44, "libregion": "GRAND EST", "departemen": "10", "libdeparte": "AUBE", "cog": "10387", "codepostal": 10000, "libelle_ro": "TROYES", "telephone": "03 25 75 92 23", "libcateget": "C.H.", "liblongcat": "Centre Hospitalier (C.H.)", "libcategre": "Centres Hospitaliers", "libcodeape": "Activités hospitalières", "mft": 3, "libmft": "ARS / DG EPS", "liblongmft": "ARS établissements Publics de santé dotation globale", "sph": "1", "libsph": "Etab.public de santé", "coordx": 779477.0, "coordy": 6797984.8, "dateautor": "2002-11-28", "dateouvert": "2006-01-02", "cleabs": "COMMUNE_0000000000010387", "nom_offici": "Troyes", "nom_offi_1": "TROYES", "code_insee": "10387", "superficie": 1320, "typo_urb_r": "urbain dense", "code_urb_r": 6, "REG": 44, "Région": "Grand Est", "DEP": 10, "CODCOM": 387, "Commune": "Troyes", "PTOT": 63566 }, "geometry": { "type": "Point", "coordinates": [ 4.071306638758818, 48.27734472428547 ] } },
{ "type": "Feature", "properties": { "rs": "UNITE D'ALCOOLOGIE JEAN SCHIFFER", "numvoie": 1, "typvoie": "AV", "voie": "MARECHAL LECLERC", "compvoie": null, "lieuditbp": null, "region": 44, "libregion": "GRAND EST", "departemen": "10", "libdeparte": "AUBE", "cog": "10297", "codepostal": 10150, "libelle_ro": "PONT STE MARIE", "telephone": "03 25 76 19 36", "libcateget": "C.H.", "liblongcat": "Centre Hospitalier (C.H.)", "libcategre": "Centres Hospitaliers", "libcodeape": "Activités hospitalières", "mft": 3, "libmft": "ARS / DG EPS", "liblongmft": "ARS établissements Publics de santé dotation globale", "sph": "1", "libsph": "Etab.public de santé", "coordx": 782154.3, "coordy": 6802632.5, "dateautor": "1997-02-25", "dateouvert": "1997-06-26", "cleabs": "COMMUNE_0000000000010297", "nom_offici": "Pont-Sainte-Marie", "nom_offi_1": "PONT-SAINTE-MARIE", "code_insee": "10297", "superficie": 400, "typo_urb_r": "urbain dense", "code_urb_r": 6, "REG": 44, "Région": "Grand Est", "DEP": 10, "CODCOM": 297, "Commune": "Pont-Sainte-Marie", "PTOT": 5289 }, "geometry": { "type": "Point", "coordinates": [ 4.108269763565008, 48.318825003337395 ] } },
{ "type": "Feature", "properties": { "rs": "ANTENNE SMUR DE BAR SUR AUBE", "numvoie": 2, "typvoie": "R", "voie": "GASTON CHEQ", "compvoie": null, "lieuditbp": null, "region": 44, "libregion": "GRAND EST", "departemen": "10", "libdeparte": "AUBE", "cog": "10033", "codepostal": 10200, "libelle_ro": "BAR SUR AUBE", "telephone": "03 25 27 17 84", "libcateget": "C.H.", "liblongcat": "Centre Hospitalier (C.H.)", "libcategre": "Centres Hospitaliers", "libcodeape": null, "mft": 3, "libmft": "ARS / DG EPS", "liblongmft": "ARS établissements Publics de santé dotation globale", "sph": "1", "libsph": "Etab.public de santé", "coordx": 827333.7, "coordy": 6793709.5, "dateautor": "1999-09-22", "dateouvert": "2000-10-16", "cleabs": "COMMUNE_0000000000010033", "nom_offici": "Bar-sur-Aube", "nom_offi_1": "BAR-SUR-AUBE", "code_insee": "10033", "superficie": 1630, "typo_urb_r": "rural autonome peu dense", "code_urb_r": 1, "REG": 44, "Région": "Grand Est", "DEP": 10, "CODCOM": 33, "Commune": "Bar-sur-Aube", "PTOT": 4947 }, "geometry": { "type": "Point", "coordinates": [ 4.714972581353473, 48.231286404934849 ] } },
{ "type": "Feature", "properties": { "rs": "CENTRE HOSPITALIER LEON BOURGEOIS", "numvoie": 51, "typvoie": "R", "voie": "DU COMMANDANT DERRIEN", "compvoie": null, "lieuditbp": null, "region": 44, "libregion": "GRAND EST", "departemen": "51", "libdeparte": "MARNE", "cog": "51108", "codepostal": 51005, "libelle_ro": "CHALONS EN CHAMPAGNE CEDEX", "telephone": "03 26 69 60 60", "libcateget": "C.H.", "liblongcat": "Centre Hospitalier (C.H.)", "libcategre": "Centres Hospitaliers", "libcodeape": "Activités hospitalières", "mft": 3, "libmft": "ARS / DG EPS", "liblongmft": "ARS établissements Publics de santé dotation globale", "sph": "1", "libsph": "Etab.public de santé", "coordx": 800387.1, "coordy": 6875388.7, "dateautor": "1901-01-01", "dateouvert": "1901-01-01", "cleabs": "COMMUNE_0000000000051108", "nom_offici": "Châlons-en-Champagne", "nom_offi_1": "CHALONS-EN-CHAMPAGNE", "code_insee": "51108", "superficie": 2600, "typo_urb_r": "urbain densité intermédiaire", "code_urb_r": 5, "REG": 44, "Région": "Grand Est", "DEP": 51, "CODCOM": 108, "Commune": "Châlons-en-Champagne", "PTOT": 44185 }, "geometry": { "type": "Point", "coordinates": [ 4.371230107335019, 48.970598719654738 ] } },
{ "type": "Feature", "properties": { "rs": "CENTRE HOSPITALIER DE SEZANNE", "numvoie": 16, "typvoie": "R", "voie": "DES RECOLLETS", "compvoie": null, "lieuditbp": null, "region": 44, "libregion": "GRAND EST", "departemen": "51", "libdeparte": "MARNE", "cog": "51535", "codepostal": 51120, "libelle_ro": "SEZANNE", "telephone": "03 26 81 79 79", "libcateget": "C.H.", "liblongcat": "Centre Hospitalier (C.H.)", "libcategre": "Centres Hospitaliers", "libcodeape": "Activités hospitalières", "mft": 3, "libmft": "ARS / DG EPS", "liblongmft": "ARS établissements Publics de santé dotation globale", "sph": "1", "libsph": "Etab.public de santé", "coordx": 753437.2, "coordy": 6847192.5, "dateautor": "1901-01-01", "dateouvert": "1901-01-01", "cleabs": "COMMUNE_0000000000051535", "nom_offici": "Sézanne", "nom_offi_1": "SEZANNE", "code_insee": "51535", "superficie": 2280, "typo_urb_r": "rural autonome peu dense", "code_urb_r": 1, "REG": 44, "Région": "Grand Est", "DEP": 51, "CODCOM": 535, "Commune": "Sézanne", "PTOT": 4802 }, "geometry": { "type": "Point", "coordinates": [ 3.726430673316035, 48.722650849410655 ] } },
{ "type": "Feature", "properties": { "rs": "POLYCLINIQUE DE COURLANCY", "numvoie": 38, "typvoie": "R", "voie": "DE COURLANCY", "compvoie": null, "lieuditbp": null, "region": 44, "libregion": "GRAND EST", "departemen": "51", "libdeparte": "MARNE", "cog": "51454", "codepostal": 51057, "libelle_ro": "REIMS CEDEX", "telephone": "03 26 77 26 77", "libcateget": "Etab.Soins Pluridis.", "liblongcat": "Etablissement de Soins Pluridisciplinaire", "libcategre": "Soins Courte Durée", "libcodeape": "Activités hospitalières", "mft": 7, "libmft": "ARS / san pr non DG", "liblongmft": "ARS établissements de santé non financés dotation globale", "sph": "0", "libsph": "Non concerné", "coordx": 774152.2, "coordy": 6905543.8, "dateautor": "1973-01-22", "dateouvert": "1973-01-22", "cleabs": "COMMUNE_0000000000051454", "nom_offici": "Reims", "nom_offi_1": "REIMS", "code_insee": "51454", "superficie": 4690, "typo_urb_r": "urbain dense", "code_urb_r": 6, "REG": 44, "Région": "Grand Est", "DEP": 51, "CODCOM": 454, "Commune": "Reims", "PTOT": 181422 }, "geometry": { "type": "Point", "coordinates": [ 4.018234196928476, 49.245263934391566 ] } },
{ "type": "Feature", "properties": { "rs": "CENTRE HOSPITALIER D'EPERNAY", "numvoie": 137, "typvoie": "R", "voie": "DE L HOPITAL", "compvoie": null, "lieuditbp": "BP 137", "region": 44, "libregion": "GRAND EST", "departemen": "51", "libdeparte": "MARNE", "cog": "51230", "codepostal": 51205, "libelle_ro": "EPERNAY CEDEX", "telephone": "03 26 58 70 70", "libcateget": "C.H.", "liblongcat": "Centre Hospitalier (C.H.)", "libcategre": "Centres Hospitaliers", "libcodeape": "Activités hospitalières", "mft": 3, "libmft": "ARS / DG EPS", "liblongmft": "ARS établissements Publics de santé dotation globale", "sph": "1", "libsph": "Etab.public de santé", "coordx": 770086.2, "coordy": 6883079.2, "dateautor": "1901-01-01", "dateouvert": "1901-01-01", "cleabs": "COMMUNE_0000000000051230", "nom_offici": "Épernay", "nom_offi_1": "EPERNAY", "code_insee": "51230", "superficie": 2270, "typo_urb_r": "urbain densité intermédiaire", "code_urb_r": 5, "REG": 44, "Région": "Grand Est", "DEP": 51, "CODCOM": 230, "Commune": "Épernay", "PTOT": 22484 }, "geometry": { "type": "Point", "coordinates": [ 3.95866191118596, 49.0437636501618 ] } },
{ "type": "Feature", "properties": { "rs": "CLINIQUE D'EPERNAY", "numvoie": 10, "typvoie": "R", "voie": "COTE LEGRIS", "compvoie": null, "lieuditbp": "BP 206", "region": 44, "libregion": "GRAND EST", "departemen": "51", "libdeparte": "MARNE", "cog": "51230", "codepostal": 51206, "libelle_ro": "EPERNAY CEDEX", "telephone": "03 26 59 61 61", "libcateget": "Etab.Soins Pluridis.", "liblongcat": "Etablissement de Soins Pluridisciplinaire", "libcategre": "Soins Courte Durée", "libcodeape": "Activités hospitalières", "mft": 7, "libmft": "ARS / san pr non DG", "liblongmft": "ARS établissements de santé non financés dotation globale", "sph": "0", "libsph": "Non concerné", "coordx": 769484.0, "coordy": 6883611.9, "dateautor": "1970-04-20", "dateouvert": "1970-04-20", "cleabs": "COMMUNE_0000000000051230", "nom_offici": "Épernay", "nom_offi_1": "EPERNAY", "code_insee": "51230", "superficie": 2270, "typo_urb_r": "urbain densité intermédiaire", "code_urb_r": 5, "REG": 44, "Région": "Grand Est", "DEP": 51, "CODCOM": 230, "Commune": "Épernay", "PTOT": 22484 }, "geometry": { "type": "Point", "coordinates": [ 3.95051332874783, 49.048618595427328 ] } },
{ "type": "Feature", "properties": { "rs": "CENTRE HOSPITALIER VITRY LE FRANCOIS", "numvoie": 2, "typvoie": "R", "voie": "CHARLES SIMON", "compvoie": null, "lieuditbp": "BP 413", "region": 44, "libregion": "GRAND EST", "departemen": "51", "libdeparte": "MARNE", "cog": "51649", "codepostal": 51308, "libelle_ro": "VITRY LE FRANCOIS CEDEX", "telephone": "03 26 73 60 60", "libcateget": "C.H.", "liblongcat": "Centre Hospitalier (C.H.)", "libcategre": "Centres Hospitaliers", "libcodeape": "Activités hospitalières", "mft": 3, "libmft": "ARS / DG EPS", "liblongmft": "ARS établissements Publics de santé dotation globale", "sph": "1", "libsph": "Etab.public de santé", "coordx": 817563.8, "coordy": 6847353.3, "dateautor": "1963-11-01", "dateouvert": "1963-11-01", "cleabs": "COMMUNE_0000000000051649", "nom_offici": "Vitry-le-François", "nom_offi_1": "VITRY-LE-FRANCOIS", "code_insee": "51649", "superficie": 640, "typo_urb_r": "urbain densité intermédiaire", "code_urb_r": 5, "REG": 44, "Région": "Grand Est", "DEP": 51, "CODCOM": 649, "Commune": "Vitry-le-François", "PTOT": 11536 }, "geometry": { "type": "Point", "coordinates": [ 4.598045249815292, 48.715607721641504 ] } },
{ "type": "Feature", "properties": { "rs": "HOPITAL LOCAL DE MONTMIRAIL", "numvoie": null, "typvoie": "R", "voie": "DE LA TROISIEME AVENUE", "compvoie": null, "lieuditbp": null, "region": 44, "libregion": "GRAND EST", "departemen": "51", "libdeparte": "MARNE", "cog": "51380", "codepostal": 51210, "libelle_ro": "MONTMIRAIL", "telephone": "03 26 81 20 36", "libcateget": "C.H. (ex H.L.)", "liblongcat": "Centre hospitalier, ex Hôpital local", "libcategre": "Hôpitaux Locaux", "libcodeape": "Activités hospitalières", "mft": 3, "libmft": "ARS / DG EPS", "liblongmft": "ARS établissements Publics de santé dotation globale", "sph": "1", "libsph": "Etab.public de santé", "coordx": 740002.1, "coordy": 6864266.2, "dateautor": "1901-01-01", "dateouvert": "1901-01-01", "cleabs": "COMMUNE_0000000000051380", "nom_offici": "Montmirail", "nom_offi_1": "MONTMIRAIL", "code_insee": "51380", "superficie": 4880, "typo_urb_r": "rural autonome peu dense", "code_urb_r": 1, "REG": 44, "Région": "Grand Est", "DEP": 51, "CODCOM": 380, "Commune": "Montmirail", "PTOT": 3600 }, "geometry": { "type": "Point", "coordinates": [ 3.545402462333728, 48.877174124547764 ] } },
{ "type": "Feature", "properties": { "rs": "CENTRE HOSPITALIER DE SAINTE-MENEHOULD", "numvoie": null, "typvoie": "ALL", "voie": "DE LA COUR D'HONNEUR", "compvoie": null, "lieuditbp": null, "region": 44, "libregion": "GRAND EST", "departemen": "51", "libdeparte": "MARNE", "cog": "51507", "codepostal": 51800, "libelle_ro": "STE MENEHOULD", "telephone": "03 26 60 15 25", "libcateget": "C.H.", "liblongcat": "Centre Hospitalier (C.H.)", "libcategre": "Centres Hospitaliers", "libcodeape": "Activités hospitalières", "mft": 3, "libmft": "ARS / DG EPS", "liblongmft": "ARS établissements Publics de santé dotation globale", "sph": "1", "libsph": "Etab.public de santé", "coordx": 839330.1, "coordy": 6889783.7, "dateautor": "1901-01-01", "dateouvert": "1901-01-01", "cleabs": "COMMUNE_0000000000051507", "nom_offici": "Sainte-Menehould", "nom_offi_1": "SAINTE-MENEHOULD", "code_insee": "51507", "superficie": 5710, "typo_urb_r": "rural autonome peu dense", "code_urb_r": 1, "REG": 44, "Région": "Grand Est", "DEP": 51, "CODCOM": 507, "Commune": "Sainte-Menehould", "PTOT": 4274 }, "geometry": { "type": "Point", "coordinates": [ 4.9077411086292, 49.092737793153034 ] } },
{ "type": "Feature", "properties": { "rs": "HOPITAL ROBERT DEBRE CHU REIMS", "numvoie": null, "typvoie": "R", "voie": "DU GENERAL KOENIG", "compvoie": null, "lieuditbp": null, "region": 44, "libregion": "GRAND EST", "departemen": "51", "libdeparte": "MARNE", "cog": "51454", "codepostal": 51092, "libelle_ro": "REIMS CEDEX", "telephone": "03 26 78 78 78", "libcateget": "C.H.R.", "liblongcat": "Centre Hospitalier Régional (C.H.R.)", "libcategre": "C.H.R.", "libcodeape": "Activités hospitalières", "mft": 3, "libmft": "ARS / DG EPS", "liblongmft": "ARS établissements Publics de santé dotation globale", "sph": "1", "libsph": "Etab.public de santé", "coordx": 774379.7, "coordy": 6903377.5, "dateautor": "1976-01-26", "dateouvert": "1976-01-26", "cleabs": "COMMUNE_0000000000051454", "nom_offici": "Reims", "nom_offi_1": "REIMS", "code_insee": "51454", "superficie": 4690, "typo_urb_r": "urbain dense", "code_urb_r": 6, "REG": 44, "Région": "Grand Est", "DEP": 51, "CODCOM": 454, "Commune": "Reims", "PTOT": 181422 }, "geometry": { "type": "Point", "coordinates": [ 4.020973203996182, 49.225764253289533 ] } },
{ "type": "Feature", "properties": { "rs": "HOPITAL SEBASTOPOL CHU REIMS", "numvoie": 48, "typvoie": "R", "voie": "DE SEBASTOPOL", "compvoie": null, "lieuditbp": null, "region": 44, "libregion": "GRAND EST", "departemen": "51", "libdeparte": "MARNE", "cog": "51454", "codepostal": 51092, "libelle_ro": "REIMS CEDEX", "telephone": "03 26 78 44 61", "libcateget": "C.H.R.", "liblongcat": "Centre Hospitalier Régional (C.H.R.)", "libcategre": "C.H.R.", "libcodeape": "Activités hospitalières", "mft": 3, "libmft": "ARS / DG EPS", "liblongmft": "ARS établissements Publics de santé dotation globale", "sph": "1", "libsph": "Etab.public de santé", "coordx": 776264.5, "coordy": 6907742.9, "dateautor": "1901-01-01", "dateouvert": "1896-12-01", "cleabs": "COMMUNE_0000000000051454", "nom_offici": "Reims", "nom_offi_1": "REIMS", "code_insee": "51454", "superficie": 4690, "typo_urb_r": "urbain dense", "code_urb_r": 6, "REG": 44, "Région": "Grand Est", "DEP": 51, "CODCOM": 454, "Commune": "Reims", "PTOT": 181422 }, "geometry": { "type": "Point", "coordinates": [ 4.047636887419055, 49.264783219132539 ] } },
{ "type": "Feature", "properties": { "rs": "AMERICAN MEMORIAL HOSPITAL CHU REIMS", "numvoie": 47, "typvoie": "R", "voie": "COGNACQ JAY", "compvoie": null, "lieuditbp": null, "region": 44, "libregion": "GRAND EST", "departemen": "51", "libdeparte": "MARNE", "cog": "51454", "codepostal": 51092, "libelle_ro": "REIMS CEDEX", "telephone": "03 26 78 78 78", "libcateget": "C.H.R.", "liblongcat": "Centre Hospitalier Régional (C.H.R.)", "libcategre": "C.H.R.", "libcodeape": "Activités hospitalières", "mft": 3, "libmft": "ARS / DG EPS", "liblongmft": "ARS établissements Publics de santé dotation globale", "sph": "1", "libsph": "Etab.public de santé", "coordx": 774068.1, "coordy": 6903932.9, "dateautor": "1924-01-01", "dateouvert": "1924-01-01", "cleabs": "COMMUNE_0000000000051454", "nom_offici": "Reims", "nom_offi_1": "REIMS", "code_insee": "51454", "superficie": 4690, "typo_urb_r": "urbain dense", "code_urb_r": 6, "REG": 44, "Région": "Grand Est", "DEP": 51, "CODCOM": 454, "Commune": "Reims", "PTOT": 181422 }, "geometry": { "type": "Point", "coordinates": [ 4.016794663762283, 49.230793029586067 ] } },
{ "type": "Feature", "properties": { "rs": "HOPITAL MAISON BLANCHE CHU REIMS", "numvoie": 45, "typvoie": "R", "voie": "COGNACQ JAY", "compvoie": null, "lieuditbp": null, "region": 44, "libregion": "GRAND EST", "departemen": "51", "libdeparte": "MARNE", "cog": "51454", "codepostal": 51092, "libelle_ro": "REIMS CEDEX", "telephone": "03 26 78 78 78", "libcateget": "C.H.R.", "liblongcat": "Centre Hospitalier Régional (C.H.R.)", "libcategre": "C.H.R.", "libcodeape": "Activités hospitalières", "mft": 3, "libmft": "ARS / DG EPS", "liblongmft": "ARS établissements Publics de santé dotation globale", "sph": "1", "libsph": "Etab.public de santé", "coordx": 774221.1, "coordy": 6904003.8, "dateautor": "1925-01-01", "dateouvert": "1925-01-01", "cleabs": "COMMUNE_0000000000051454", "nom_offici": "Reims", "nom_offi_1": "REIMS", "code_insee": "51454", "superficie": 4690, "typo_urb_r": "urbain dense", "code_urb_r": 6, "REG": 44, "Région": "Grand Est", "DEP": 51, "CODCOM": 454, "Commune": "Reims", "PTOT": 181422 }, "geometry": { "type": "Point", "coordinates": [ 4.018907348149451, 49.231412636207914 ] } },
{ "type": "Feature", "properties": { "rs": "POLYCLINIQUE DES BLEUETS", "numvoie": 24, "typvoie": "R", "voie": "DU COLONEL FABIEN", "compvoie": null, "lieuditbp": null, "region": 44, "libregion": "GRAND EST", "departemen": "51", "libdeparte": "MARNE", "cog": "51454", "codepostal": 51100, "libelle_ro": "REIMS", "telephone": "03 26 02 52 52", "libcateget": "Etab.Soins Médicaux", "liblongcat": "Etablissement de Soins Médicaux", "libcategre": "Soins Courte Durée", "libcodeape": "Activités hospitalières", "mft": 7, "libmft": "ARS / san pr non DG", "liblongmft": "ARS établissements de santé non financés dotation globale", "sph": "0", "libsph": "Non concerné", "coordx": 774059.0, "coordy": 6905996.8, "dateautor": "1990-10-23", "dateouvert": "1990-10-23", "cleabs": "COMMUNE_0000000000051454", "nom_offici": "Reims", "nom_offi_1": "REIMS", "code_insee": "51454", "superficie": 4690, "typo_urb_r": "urbain dense", "code_urb_r": 6, "REG": 44, "Région": "Grand Est", "DEP": 51, "CODCOM": 454, "Commune": "Reims", "PTOT": 181422 }, "geometry": { "type": "Point", "coordinates": [ 4.017034660893469, 49.249346785299053 ] } },
{ "type": "Feature", "properties": { "rs": "HAD EPERNAY", "numvoie": 137, "typvoie": "AV", "voie": "AUBAN MOET", "compvoie": null, "lieuditbp": null, "region": 44, "libregion": "GRAND EST", "departemen": "51", "libdeparte": "MARNE", "cog": "51230", "codepostal": 51205, "libelle_ro": "EPERNAY CEDEX", "telephone": null, "libcateget": "C.H.", "liblongcat": "Centre Hospitalier (C.H.)", "libcategre": "Centres Hospitaliers", "libcodeape": "Activités hospitalières", "mft": 3, "libmft": "ARS / DG EPS", "liblongmft": "ARS établissements Publics de santé dotation globale", "sph": "1", "libsph": "Etab.public de santé", "coordx": 769795.8, "coordy": 6883199.1, "dateautor": "2007-03-27", "dateouvert": "2008-09-05", "cleabs": "COMMUNE_0000000000051230", "nom_offici": "Épernay", "nom_offi_1": "EPERNAY", "code_insee": "51230", "superficie": 2270, "typo_urb_r": "urbain densité intermédiaire", "code_urb_r": 5, "REG": 44, "Région": "Grand Est", "DEP": 51, "CODCOM": 230, "Commune": "Épernay", "PTOT": 22484 }, "geometry": { "type": "Point", "coordinates": [ 3.95470994126346, 49.044873303896658 ] } },
{ "type": "Feature", "properties": { "rs": "ANTENNE DE SMUR - CH CHALONS", "numvoie": 12, "typvoie": "R", "voie": "FLORION", "compvoie": null, "lieuditbp": null, "region": 44, "libregion": "GRAND EST", "departemen": "51", "libdeparte": "MARNE", "cog": "51507", "codepostal": 51800, "libelle_ro": "STE MENEHOULD", "telephone": null, "libcateget": "C.H.", "liblongcat": "Centre Hospitalier (C.H.)", "libcategre": "Centres Hospitaliers", "libcodeape": "Activités hospitalières", "mft": 3, "libmft": "ARS / DG EPS", "liblongmft": "ARS établissements Publics de santé dotation globale", "sph": "1", "libsph": "Etab.public de santé", "coordx": 838155.6, "coordy": 6889462.9, "dateautor": "2000-02-25", "dateouvert": "2003-01-01", "cleabs": "COMMUNE_0000000000051507", "nom_offici": "Sainte-Menehould", "nom_offi_1": "SAINTE-MENEHOULD", "code_insee": "51507", "superficie": 5710, "typo_urb_r": "rural autonome peu dense", "code_urb_r": 1, "REG": 44, "Région": "Grand Est", "DEP": 51, "CODCOM": 507, "Commune": "Sainte-Menehould", "PTOT": 4274 }, "geometry": { "type": "Point", "coordinates": [ 4.89156054897447, 49.090108270647093 ] } },
{ "type": "Feature", "properties": { "rs": "ANTENNE DE SMUR - GHAM", "numvoie": 16, "typvoie": "R", "voie": "DES RECOLLETS", "compvoie": null, "lieuditbp": null, "region": 44, "libregion": "GRAND EST", "departemen": "51", "libdeparte": "MARNE", "cog": "51535", "codepostal": 51120, "libelle_ro": "SEZANNE", "telephone": null, "libcateget": "C.H.", "liblongcat": "Centre Hospitalier (C.H.)", "libcategre": "Centres Hospitaliers", "libcodeape": "Activités hospitalières", "mft": 3, "libmft": "ARS / DG EPS", "liblongmft": "ARS établissements Publics de santé dotation globale", "sph": "1", "libsph": "Etab.public de santé", "coordx": 753437.2, "coordy": 6847192.5, "dateautor": "2000-02-25", "dateouvert": "2000-02-25", "cleabs": "COMMUNE_0000000000051535", "nom_offici": "Sézanne", "nom_offi_1": "SEZANNE", "code_insee": "51535", "superficie": 2280, "typo_urb_r": "rural autonome peu dense", "code_urb_r": 1, "REG": 44, "Région": "Grand Est", "DEP": 51, "CODCOM": 535, "Commune": "Sézanne", "PTOT": 4802 }, "geometry": { "type": "Point", "coordinates": [ 3.726430673316035, 48.722650849410655 ] } },
{ "type": "Feature", "properties": { "rs": "CENTRE HOSPITALIER DE FISMES", "numvoie": 12, "typvoie": "R", "voie": "DES CHAILLEAUX", "compvoie": null, "lieuditbp": null, "region": 44, "libregion": "GRAND EST", "departemen": "51", "libdeparte": "MARNE", "cog": "51250", "codepostal": 51170, "libelle_ro": "FISMES", "telephone": null, "libcateget": "C.H.", "liblongcat": "Centre Hospitalier (C.H.)", "libcategre": "Centres Hospitaliers", "libcodeape": null, "mft": 3, "libmft": "ARS / DG EPS", "liblongmft": "ARS établissements Publics de santé dotation globale", "sph": "1", "libsph": "Etab.public de santé", "coordx": 749390.5, "coordy": 6912045.0, "dateautor": "2010-09-29", "dateouvert": "2013-10-01", "cleabs": "COMMUNE_0000000000051250", "nom_offici": "Fismes", "nom_offi_1": "FISMES", "code_insee": "51250", "superficie": 1680, "typo_urb_r": "rural sous forte influence d'un pôle", "code_urb_r": 4, "REG": 44, "Région": "Grand Est", "DEP": 51, "CODCOM": 250, "Commune": "Fismes", "PTOT": 5942 }, "geometry": { "type": "Point", "coordinates": [ 3.679003063120125, 49.3060958788272 ] } },
{ "type": "Feature", "properties": { "rs": "POLYCLINIQUE REIMS - BEZANNES", "numvoie": 109, "typvoie": "R", "voie": "LOUIS VICTOR DE BROGLIE", "compvoie": null, "lieuditbp": null, "region": 44, "libregion": "GRAND EST", "departemen": "51", "libdeparte": "MARNE", "cog": "51058", "codepostal": 51430, "libelle_ro": "BEZANNES", "telephone": "03 52 15 16 17", "libcateget": "Etab.Soins Pluridis.", "liblongcat": "Etablissement de Soins Pluridisciplinaire", "libcategre": "Soins Courte Durée", "libcodeape": "Activités hospitalières", "mft": 7, "libmft": "ARS / san pr non DG", "liblongmft": "ARS établissements de santé non financés dotation globale", "sph": "0", "libsph": "Non concerné", "coordx": 772950.7, "coordy": 6902453.4, "dateautor": "2016-10-04", "dateouvert": "2018-05-21", "cleabs": "COMMUNE_0000000000051058", "nom_offici": "Bezannes", "nom_offi_1": "BEZANNES", "code_insee": "51058", "superficie": 800, "typo_urb_r": "urbain densité intermédiaire", "code_urb_r": 5, "REG": 44, "Région": "Grand Est", "DEP": 51, "CODCOM": 58, "Commune": "Bezannes", "PTOT": 4548 }, "geometry": { "type": "Point", "coordinates": [ 4.00119932814308, 49.21762171231007 ] } },
{ "type": "Feature", "properties": { "rs": "LBM LBO DU CHU DE REIMS - SITE GODINOT", "numvoie": 1, "typvoie": "R", "voie": "DU GENERAL KOENIG", "compvoie": null, "lieuditbp": null, "region": 44, "libregion": "GRAND EST", "departemen": "51", "libdeparte": "MARNE", "cog": "51454", "codepostal": 51100, "libelle_ro": "REIMS", "telephone": "03 26 50 42 75", "libcateget": "C.H.R.", "liblongcat": "Centre Hospitalier Régional (C.H.R.)", "libcategre": "C.H.R.", "libcodeape": null, "mft": 3, "libmft": "ARS / DG EPS", "liblongmft": "ARS établissements Publics de santé dotation globale", "sph": "1", "libsph": "Etab.public de santé", "coordx": 774520.0, "coordy": 6903455.5, "dateautor": "2013-10-04", "dateouvert": "2013-10-05", "cleabs": "COMMUNE_0000000000051454", "nom_offici": "Reims", "nom_offi_1": "REIMS", "code_insee": "51454", "superficie": 4690, "typo_urb_r": "urbain dense", "code_urb_r": 6, "REG": 44, "Région": "Grand Est", "DEP": 51, "CODCOM": 454, "Commune": "Reims", "PTOT": 181422 }, "geometry": { "type": "Point", "coordinates": [ 4.022912686270411, 49.226449092778438 ] } },
{ "type": "Feature", "properties": { "rs": "C H DE BOURBONNE-LES-BAINS", "numvoie": 1, "typvoie": "R", "voie": "TERRAIL LEMOINE", "compvoie": null, "lieuditbp": null, "region": 44, "libregion": "GRAND EST", "departemen": "52", "libdeparte": "HAUTE MARNE", "cog": "52060", "codepostal": 52400, "libelle_ro": "BOURBONNE LES BAINS", "telephone": "03 25 87 70 00", "libcateget": "C.H. (ex H.L.)", "liblongcat": "Centre hospitalier, ex Hôpital local", "libcategre": "Hôpitaux Locaux", "libcodeape": "Activités hospitalières", "mft": 3, "libmft": "ARS / DG EPS", "liblongmft": "ARS établissements Publics de santé dotation globale", "sph": "1", "libsph": "Etab.public de santé", "coordx": 904903.5, "coordy": 6765043.3, "dateautor": "1901-01-01", "dateouvert": "1901-01-01", "cleabs": "COMMUNE_0000000000052060", "nom_offici": "Bourbonne-les-Bains", "nom_offi_1": "BOURBONNE-LES-BAINS", "code_insee": "52060", "superficie": 6490, "typo_urb_r": "rural autonome peu dense", "code_urb_r": 1, "REG": 44, "Région": "Grand Est", "DEP": 52, "CODCOM": 60, "Commune": "Bourbonne-les-Bains", "PTOT": 2022 }, "geometry": { "type": "Point", "coordinates": [ 5.74560328117036, 47.953716039954401 ] } },
{ "type": "Feature", "properties": { "rs": "CENTRE HOSPITALIER DE CHAUMONT", "numvoie": 2, "typvoie": "R", "voie": "JEANNE D'ARC", "compvoie": null, "lieuditbp": null, "region": 44, "libregion": "GRAND EST", "departemen": "52", "libdeparte": "HAUTE MARNE", "cog": "52121", "codepostal": 52014, "libelle_ro": "CHAUMONT CEDEX", "telephone": "03 25 30 70 30", "libcateget": "C.H.", "liblongcat": "Centre Hospitalier (C.H.)", "libcategre": "Centres Hospitaliers", "libcodeape": "Activités hospitalières", "mft": 3, "libmft": "ARS / DG EPS", "liblongmft": "ARS établissements Publics de santé dotation globale", "sph": "1", "libsph": "Etab.public de santé", "coordx": 859132.6, "coordy": 6782322.2, "dateautor": "1901-01-01", "dateouvert": "1901-01-01", "cleabs": "COMMUNE_0000000000052121", "nom_offici": "Chaumont", "nom_offi_1": "CHAUMONT", "code_insee": "52121", "superficie": 5530, "typo_urb_r": "urbain densité intermédiaire", "code_urb_r": 5, "REG": 44, "Région": "Grand Est", "DEP": 52, "CODCOM": 121, "Commune": "Chaumont", "PTOT": 22537 }, "geometry": { "type": "Point", "coordinates": [ 5.138908454840758, 48.121871148751389 ] } },
{ "type": "Feature", "properties": { "rs": "HOPITAL DE JOINVILLE", "numvoie": 34, "typvoie": "R", "voie": "DE LA PITIE", "compvoie": null, "lieuditbp": null, "region": 44, "libregion": "GRAND EST", "departemen": "52", "libdeparte": "HAUTE MARNE", "cog": "52250", "codepostal": 52300, "libelle_ro": "JOINVILLE", "telephone": "03 25 04 30 30", "libcateget": "C.H. (ex H.L.)", "liblongcat": "Centre hospitalier, ex Hôpital local", "libcategre": "Hôpitaux Locaux", "libcodeape": "Activités hospitalières", "mft": 3, "libmft": "ARS / DG EPS", "liblongmft": "ARS établissements Publics de santé dotation globale", "sph": "1", "libsph": "Etab.public de santé", "coordx": 858034.1, "coordy": 6817465.1, "dateautor": "1901-01-01", "dateouvert": "1901-01-01", "cleabs": "COMMUNE_0000000000052250", "nom_offici": "Joinville", "nom_offi_1": "JOINVILLE", "code_insee": "52250", "superficie": 1890, "typo_urb_r": "rural autonome peu dense", "code_urb_r": 1, "REG": 44, "Région": "Grand Est", "DEP": 52, "CODCOM": 250, "Commune": "Joinville", "PTOT": 3025 }, "geometry": { "type": "Point", "coordinates": [ 5.136930778244707, 48.438217384703428 ] } },
{ "type": "Feature", "properties": { "rs": "CENTRE HOSPITALIER DE LANGRES", "numvoie": 10, "typvoie": "R", "voie": "DE LA CHARITE", "compvoie": null, "lieuditbp": null, "region": 44, "libregion": "GRAND EST", "departemen": "52", "libdeparte": "HAUTE MARNE", "cog": "52269", "codepostal": 52200, "libelle_ro": "LANGRES", "telephone": "03 25 87 88 88", "libcateget": "C.H.", "liblongcat": "Centre Hospitalier (C.H.)", "libcategre": "Centres Hospitaliers", "libcodeape": "Activités hospitalières", "mft": 3, "libmft": "ARS / DG EPS", "liblongmft": "ARS établissements Publics de santé dotation globale", "sph": "1", "libsph": "Etab.public de santé", "coordx": 874694.3, "coordy": 6754356.0, "dateautor": "1901-01-01", "dateouvert": "1901-01-01", "cleabs": "COMMUNE_0000000000052269", "nom_offici": "Langres", "nom_offi_1": "LANGRES", "code_insee": "52269", "superficie": 2230, "typo_urb_r": "urbain densité intermédiaire", "code_urb_r": 5, "REG": 44, "Région": "Grand Est", "DEP": 52, "CODCOM": 269, "Commune": "Langres", "PTOT": 8084 }, "geometry": { "type": "Point", "coordinates": [ 5.336835669438823, 47.866332072116627 ] } },
{ "type": "Feature", "properties": { "rs": "CENTRE HOSPITALIER DE MONTIER-EN-DER", "numvoie": 26, "typvoie": "R", "voie": "AUDIFFRED", "compvoie": null, "lieuditbp": null, "region": 44, "libregion": "GRAND EST", "departemen": "52", "libdeparte": "HAUTE MARNE", "cog": "52331", "codepostal": 52220, "libelle_ro": "LA PORTE DU DER", "telephone": "03 25 04 22 20", "libcateget": "C.H. (ex H.L.)", "liblongcat": "Centre hospitalier, ex Hôpital local", "libcategre": "Hôpitaux Locaux", "libcodeape": "Activités hospitalières", "mft": 3, "libmft": "ARS / DG EPS", "liblongmft": "ARS établissements Publics de santé dotation globale", "sph": "1", "libsph": "Etab.public de santé", "coordx": 831171.2, "coordy": 6821119.8, "dateautor": "1904-04-04", "dateouvert": "1904-04-04", "cleabs": "COMMUNE_0000000000052331", "nom_offici": "La Porte du Der", "nom_offi_1": "LA PORTE DU DER", "code_insee": "52331", "superficie": 4720, "typo_urb_r": "rural sous faible influence d'un pôle", "code_urb_r": 3, "REG": 44, "Région": "Grand Est", "DEP": 52, "CODCOM": 331, "Commune": "La Porte du Der", "PTOT": 2167 }, "geometry": { "type": "Point", "coordinates": [ 4.774937156348583, 48.477071381497055 ] } },
{ "type": "Feature", "properties": { "rs": "CH GENEVIEVE DE GAULLE ANTHONIOZ", "numvoie": 1, "typvoie": "R", "voie": "ALBERT SCHWEITZER", "compvoie": null, "lieuditbp": null, "region": 44, "libregion": "GRAND EST", "departemen": "52", "libdeparte": "HAUTE MARNE", "cog": "52448", "codepostal": 52115, "libelle_ro": "ST DIZIER CEDEX", "telephone": "03 25 56 84 84", "libcateget": "C.H.", "liblongcat": "Centre Hospitalier (C.H.)", "libcategre": "Centres Hospitaliers", "libcodeape": "Activités hospitalières", "mft": 3, "libmft": "ARS / DG EPS", "liblongmft": "ARS établissements Publics de santé dotation globale", "sph": "1", "libsph": "Etab.public de santé", "coordx": 844865.0, "coordy": 6841442.3, "dateautor": "1904-04-04", "dateouvert": "1904-04-04", "cleabs": "COMMUNE_0000000000052045", "nom_offici": "Bettancourt-la-Ferrée", "nom_offi_1": "BETTANCOURT-LA-FERREE", "code_insee": "52045", "superficie": 540, "typo_urb_r": "urbain densité intermédiaire", "code_urb_r": 5, "REG": 44, "Région": "Grand Est", "DEP": 52, "CODCOM": 45, "Commune": "Bettancourt-la-Ferrée", "PTOT": 1830 }, "geometry": { "type": "Point", "coordinates": [ 4.967010274707297, 48.656911406502964 ] } },
{ "type": "Feature", "properties": { "rs": "CLINIQUE DE LA COMPASSION", "numvoie": 8, "typvoie": "R", "voie": "DE LA CHARITE", "compvoie": null, "lieuditbp": null, "region": 44, "libregion": "GRAND EST", "departemen": "52", "libdeparte": "HAUTE MARNE", "cog": "52269", "codepostal": 52200, "libelle_ro": "LANGRES", "telephone": "03 25 87 59 52", "libcateget": "Etab.Soins Pluridis.", "liblongcat": "Etablissement de Soins Pluridisciplinaire", "libcategre": "Soins Courte Durée", "libcodeape": "Activités hospitalières", "mft": 7, "libmft": "ARS / san pr non DG", "liblongmft": "ARS établissements de santé non financés dotation globale", "sph": "0", "libsph": "Non concerné", "coordx": 874670.1, "coordy": 6754367.4, "dateautor": "1968-12-19", "dateouvert": "1968-12-19", "cleabs": "COMMUNE_0000000000052269", "nom_offici": "Langres", "nom_offi_1": "LANGRES", "code_insee": "52269", "superficie": 2230, "typo_urb_r": "urbain densité intermédiaire", "code_urb_r": 5, "REG": 44, "Région": "Grand Est", "DEP": 52, "CODCOM": 269, "Commune": "Langres", "PTOT": 8084 }, "geometry": { "type": "Point", "coordinates": [ 5.336516652932163, 47.866441069518835 ] } },
{ "type": "Feature", "properties": { "rs": "CLINIQUE FRANCOIS 1ER", "numvoie": 1, "typvoie": "R", "voie": "ALBERT SCHWEITZER", "compvoie": null, "lieuditbp": "CS 50122", "region": 44, "libregion": "GRAND EST", "departemen": "52", "libdeparte": "HAUTE MARNE", "cog": "52448", "codepostal": 52115, "libelle_ro": "ST DIZIER CEDEX", "telephone": "03 25 56 77 77", "libcateget": "Etab.Soins Chirur.", "liblongcat": "Etablissement de Soins Chirurgicaux", "libcategre": "Soins Courte Durée", "libcodeape": "Activités hospitalières", "mft": 7, "libmft": "ARS / san pr non DG", "liblongmft": "ARS établissements de santé non financés dotation globale", "sph": "0", "libsph": "Non concerné", "coordx": 844865.0, "coordy": 6841442.3, "dateautor": "1952-01-16", "dateouvert": "1952-01-16", "cleabs": "COMMUNE_0000000000052045", "nom_offici": "Bettancourt-la-Ferrée", "nom_offi_1": "BETTANCOURT-LA-FERREE", "code_insee": "52045", "superficie": 540, "typo_urb_r": "urbain densité intermédiaire", "code_urb_r": 5, "REG": 44, "Région": "Grand Est", "DEP": 52, "CODCOM": 45, "Commune": "Bettancourt-la-Ferrée", "PTOT": 1830 }, "geometry": { "type": "Point", "coordinates": [ 4.967010274707297, 48.656911406502964 ] } },
{ "type": "Feature", "properties": { "rs": "CENTRE MEDICO-CHIRURGICAL DE CHAUMONT", "numvoie": 17, "typvoie": "AV", "voie": "DES ETATS UNIS", "compvoie": null, "lieuditbp": null, "region": 44, "libregion": "GRAND EST", "departemen": "52", "libdeparte": "HAUTE MARNE", "cog": "52121", "codepostal": 52001, "libelle_ro": "CHAUMONT CEDEX", "telephone": "08 25 16 34 34", "libcateget": "Etab.Soins Pluridis.", "liblongcat": "Etablissement de Soins Pluridisciplinaire", "libcategre": "Soins Courte Durée", "libcodeape": "Activités hospitalières", "mft": 7, "libmft": "ARS / san pr non DG", "liblongmft": "ARS établissements de santé non financés dotation globale", "sph": "0", "libsph": "Non concerné", "coordx": 859367.8, "coordy": 6782080.1, "dateautor": "1973-10-08", "dateouvert": "1973-10-08", "cleabs": "COMMUNE_0000000000052121", "nom_offici": "Chaumont", "nom_offi_1": "CHAUMONT", "code_insee": "52121", "superficie": 5530, "typo_urb_r": "urbain densité intermédiaire", "code_urb_r": 5, "REG": 44, "Région": "Grand Est", "DEP": 52, "CODCOM": 121, "Commune": "Chaumont", "PTOT": 22537 }, "geometry": { "type": "Point", "coordinates": [ 5.141979988852526, 48.119636073073316 ] } },
{ "type": "Feature", "properties": { "rs": "CHRU NANCY - MATERNITE", "numvoie": 10, "typvoie": "R", "voie": "DU DR HEYDENREICH", "compvoie": null, "lieuditbp": "BP 4213", "region": 44, "libregion": "GRAND EST", "departemen": "54", "libdeparte": "MEURTHE ET MOSELLE", "cog": "54395", "codepostal": 54042, "libelle_ro": "NANCY CEDEX", "telephone": "03 83 34 44 44", "libcateget": "C.H.R.", "liblongcat": "Centre Hospitalier Régional (C.H.R.)", "libcategre": "C.H.R.", "libcodeape": "Activités hospitalières", "mft": 3, "libmft": "ARS / DG EPS", "liblongmft": "ARS établissements Publics de santé dotation globale", "sph": "1", "libsph": "Etab.public de santé", "coordx": 934804.2, "coordy": 6847087.7, "dateautor": "1929-04-08", "dateouvert": "1929-04-08", "cleabs": "COMMUNE_0000000000054395", "nom_offici": "Nancy", "nom_offi_1": "NANCY", "code_insee": "54395", "superficie": 1500, "typo_urb_r": "urbain dense", "code_urb_r": 6, "REG": 44, "Région": "Grand Est", "DEP": 54, "CODCOM": 395, "Commune": "Nancy", "PTOT": 105792 }, "geometry": { "type": "Point", "coordinates": [ 6.190247402743824, 48.681250140364284 ] } },
{ "type": "Feature", "properties": { "rs": "CENTRE HOSPITALIER SAINT CHARLES TOUL", "numvoie": 1, "typvoie": "CRS", "voie": "RAYMOND POINCARE", "compvoie": null, "lieuditbp": "BP 310", "region": 44, "libregion": "GRAND EST", "departemen": "54", "libdeparte": "MEURTHE ET MOSELLE", "cog": "54528", "codepostal": 54201, "libelle_ro": "TOUL CEDEX", "telephone": "03 83 62 20 20", "libcateget": "C.H.", "liblongcat": "Centre Hospitalier (C.H.)", "libcategre": "Centres Hospitaliers", "libcodeape": "Activités hospitalières", "mft": 3, "libmft": "ARS / DG EPS", "liblongmft": "ARS établissements Publics de santé dotation globale", "sph": "1", "libsph": "Etab.public de santé", "coordx": 912506.2, "coordy": 6845612.8, "dateautor": "1901-01-01", "dateouvert": "1901-01-01", "cleabs": "COMMUNE_0000000000054528", "nom_offici": "Toul", "nom_offi_1": "TOUL", "code_insee": "54528", "superficie": 3060, "typo_urb_r": "urbain densité intermédiaire", "code_urb_r": 5, "REG": 44, "Région": "Grand Est", "DEP": 54, "CODCOM": 528, "Commune": "Toul", "PTOT": 15740 }, "geometry": { "type": "Point", "coordinates": [ 5.88683981005298, 48.675709689271308 ] } },
{ "type": "Feature", "properties": { "rs": "MAISON HOSPITALIERE DE BACCARAT", "numvoie": 24, "typvoie": "R", "voie": "DE L'ABBE MUNIER", "compvoie": null, "lieuditbp": null, "region": 44, "libregion": "GRAND EST", "departemen": "54", "libdeparte": "MEURTHE ET MOSELLE", "cog": "54039", "codepostal": 54120, "libelle_ro": "BACCARAT", "telephone": "03 83 76 10 10", "libcateget": "Etab.Soins Médicaux", "liblongcat": "Etablissement de Soins Médicaux", "libcategre": "Soins Courte Durée", "libcodeape": "Activités hospitalières", "mft": 4, "libmft": "ARS / DG PSPH", "liblongmft": "ARS établissements PSPH dotation globale", "sph": "6", "libsph": "ESPIC", "coordx": 976348.2, "coordy": 6822943.3, "dateautor": "1901-01-01", "dateouvert": "1901-01-01", "cleabs": "COMMUNE_0000000000054039", "nom_offici": "Baccarat", "nom_offi_1": "BACCARAT", "code_insee": "54039", "superficie": 1350, "typo_urb_r": "rural autonome peu dense", "code_urb_r": 1, "REG": 44, "Région": "Grand Est", "DEP": 54, "CODCOM": 39, "Commune": "Baccarat", "PTOT": 4162 }, "geometry": { "type": "Point", "coordinates": [ 6.738396704291429, 48.447877680348668 ] } },
{ "type": "Feature", "properties": { "rs": "CH 3H SANTE SITE DE CIREY SUR VEZOUZE", "numvoie": 62, "typvoie": "R", "voie": "POINCARE", "compvoie": null, "lieuditbp": null, "region": 44, "libregion": "GRAND EST", "departemen": "54", "libdeparte": "MEURTHE ET MOSELLE", "cog": "54129", "codepostal": 54480, "libelle_ro": "CIREY SUR VEZOUZE", "telephone": "03 83 76 31 31", "libcateget": "C.H. (ex H.L.)", "liblongcat": "Centre hospitalier, ex Hôpital local", "libcategre": "Hôpitaux Locaux", "libcodeape": "Activités hospitalières", "mft": 3, "libmft": "ARS / DG EPS", "liblongmft": "ARS établissements Publics de santé dotation globale", "sph": "1", "libsph": "Etab.public de santé", "coordx": 990552.9, "coordy": 6839035.8, "dateautor": "1901-01-01", "dateouvert": "1901-01-01", "cleabs": "COMMUNE_0000000000054129", "nom_offici": "Cirey-sur-Vezouze", "nom_offi_1": "CIREY-SUR-VEZOUZE", "code_insee": "54129", "superficie": 1640, "typo_urb_r": "rural autonome peu dense", "code_urb_r": 1, "REG": 44, "Région": "Grand Est", "DEP": 54, "CODCOM": 129, "Commune": "Cirey-sur-Vezouze", "PTOT": 1604 }, "geometry": { "type": "Point", "coordinates": [ 6.941101898724906, 48.586260166129939 ] } },
{ "type": "Feature", "properties": { "rs": "CENTRE HOSPITALIER DE LUNEVILLE", "numvoie": 6, "typvoie": "R", "voie": "GIRARDET", "compvoie": null, "lieuditbp": "BP 30206", "region": 44, "libregion": "GRAND EST", "departemen": "54", "libdeparte": "MEURTHE ET MOSELLE", "cog": "54329", "codepostal": 54301, "libelle_ro": "LUNEVILLE CEDEX", "telephone": "03 83 76 12 12", "libcateget": "C.H.", "liblongcat": "Centre Hospitalier (C.H.)", "libcategre": "Centres Hospitaliers", "libcodeape": "Activités hospitalières", "mft": 3, "libmft": "ARS / DG EPS", "liblongmft": "ARS établissements Publics de santé dotation globale", "sph": "1", "libsph": "Etab.public de santé", "coordx": 957510.9, "coordy": 6837764.5, "dateautor": "1901-01-01", "dateouvert": "1901-01-01", "cleabs": "COMMUNE_0000000000054329", "nom_offici": "Lunéville", "nom_offi_1": "LUNEVILLE", "code_insee": "54329", "superficie": 1630, "typo_urb_r": "urbain densité intermédiaire", "code_urb_r": 5, "REG": 44, "Région": "Grand Est", "DEP": 54, "CODCOM": 329, "Commune": "Lunéville", "PTOT": 18210 }, "geometry": { "type": "Point", "coordinates": [ 6.492775047970282, 48.58882288018355 ] } },
{ "type": "Feature", "properties": { "rs": "CHRU NANCY - CENTRE EMILE GALLE", "numvoie": 49, "typvoie": "R", "voie": "HERMITE", "compvoie": null, "lieuditbp": "CS 5211", "region": 44, "libregion": "GRAND EST", "departemen": "54", "libdeparte": "MEURTHE ET MOSELLE", "cog": "54395", "codepostal": 54052, "libelle_ro": "NANCY CEDEX", "telephone": "03 83 85 75 00", "libcateget": "C.H.R.", "liblongcat": "Centre Hospitalier Régional (C.H.R.)", "libcategre": "C.H.R.", "libcodeape": "Activités hospitalières", "mft": 3, "libmft": "ARS / DG EPS", "liblongmft": "ARS établissements Publics de santé dotation globale", "sph": "1", "libsph": "Etab.public de santé", "coordx": 933439.2, "coordy": 6848955.0, "dateautor": "1967-11-02", "dateouvert": "1967-11-02", "cleabs": "COMMUNE_0000000000054395", "nom_offici": "Nancy", "nom_offi_1": "NANCY", "code_insee": "54395", "superficie": 1500, "typo_urb_r": "urbain dense", "code_urb_r": 6, "REG": 44, "Région": "Grand Est", "DEP": 54, "CODCOM": 395, "Commune": "Nancy", "PTOT": 105792 }, "geometry": { "type": "Point", "coordinates": [ 6.172740226842071, 48.698526518506959 ] } },
{ "type": "Feature", "properties": { "rs": "HOPITAL LOCAL DE POMPEY", "numvoie": 3, "typvoie": "R", "voie": "DE L'AVANT GARDE", "compvoie": null, "lieuditbp": null, "region": 44, "libregion": "GRAND EST", "departemen": "54", "libdeparte": "MEURTHE ET MOSELLE", "cog": "54430", "codepostal": 54340, "libelle_ro": "POMPEY", "telephone": "03 83 91 70 00", "libcateget": "C.H. (ex H.L.)", "liblongcat": "Centre hospitalier, ex Hôpital local", "libcategre": "Hôpitaux Locaux", "libcodeape": "Activités hospitalières", "mft": 3, "libmft": "ARS / DG EPS", "liblongmft": "ARS établissements Publics de santé dotation globale", "sph": "1", "libsph": "Etab.public de santé", "coordx": 929251.6, "coordy": 6856197.8, "dateautor": "1901-01-01", "dateouvert": "1901-01-01", "cleabs": "COMMUNE_0000000000054430", "nom_offici": "Pompey", "nom_offi_1": "POMPEY", "code_insee": "54430", "superficie": 810, "typo_urb_r": "urbain densité intermédiaire", "code_urb_r": 5, "REG": 44, "Région": "Grand Est", "DEP": 54, "CODCOM": 430, "Commune": "Pompey", "PTOT": 4866 }, "geometry": { "type": "Point", "coordinates": [ 6.119772271902316, 48.765118314693609 ] } },
{ "type": "Feature", "properties": { "rs": "CENTRE HOSPITALIER DE PONT A MOUSSON", "numvoie": null, "typvoie": "PL", "voie": "COLOMBE", "compvoie": null, "lieuditbp": "BP 269", "region": 44, "libregion": "GRAND EST", "departemen": "54", "libdeparte": "MEURTHE ET MOSELLE", "cog": "54431", "codepostal": 54701, "libelle_ro": "PONT A MOUSSON CEDEX", "telephone": "03 83 80 20 03", "libcateget": "C.H.", "liblongcat": "Centre Hospitalier (C.H.)", "libcategre": "Centres Hospitaliers", "libcodeape": "Activités hospitalières", "mft": 3, "libmft": "ARS / DG EPS", "liblongmft": "ARS établissements Publics de santé dotation globale", "sph": "1", "libsph": "Etab.public de santé", "coordx": 923601.5, "coordy": 6871641.8, "dateautor": "1901-01-01", "dateouvert": "1901-01-01", "cleabs": "COMMUNE_0000000000054431", "nom_offici": "Pont-à-Mousson", "nom_offi_1": "PONT-A-MOUSSON", "code_insee": "54431", "superficie": 2160, "typo_urb_r": "urbain densité intermédiaire", "code_urb_r": 5, "REG": 44, "Région": "Grand Est", "DEP": 54, "CODCOM": 431, "Commune": "Pont-à-Mousson", "PTOT": 14625 }, "geometry": { "type": "Point", "coordinates": [ 6.051076951444355, 48.905891030809777 ] } },
{ "type": "Feature", "properties": { "rs": "CENTRE HOSPITALIER ST NICOLAS DE PORT", "numvoie": 3, "typvoie": "R", "voie": "DU JEU DE PAUME", "compvoie": null, "lieuditbp": null, "region": 44, "libregion": "GRAND EST", "departemen": "54", "libdeparte": "MEURTHE ET MOSELLE", "cog": "54483", "codepostal": 54210, "libelle_ro": "ST NICOLAS DE PORT", "telephone": "03 83 18 60 00", "libcateget": "C.H.", "liblongcat": "Centre Hospitalier (C.H.)", "libcategre": "Centres Hospitaliers", "libcodeape": "Activités hospitalières", "mft": 3, "libmft": "ARS / DG EPS", "liblongmft": "ARS établissements Publics de santé dotation globale", "sph": "1", "libsph": "Etab.public de santé", "coordx": 943218.2, "coordy": 6842137.6, "dateautor": "1901-01-01", "dateouvert": "1901-01-01", "cleabs": "COMMUNE_0000000000054483", "nom_offici": "Saint-Nicolas-de-Port", "nom_offi_1": "SAINT-NICOLAS-DE-PORT", "code_insee": "54483", "superficie": 820, "typo_urb_r": "urbain densité intermédiaire", "code_urb_r": 5, "REG": 44, "Région": "Grand Est", "DEP": 54, "CODCOM": 483, "Commune": "Saint-Nicolas-de-Port", "PTOT": 7428 }, "geometry": { "type": "Point", "coordinates": [ 6.301625560326183, 48.633652547869843 ] } },
{ "type": "Feature", "properties": { "rs": "CLINIQUE JEANNE D'ARC", "numvoie": 26, "typvoie": "R", "voie": "CHARLES VUE", "compvoie": null, "lieuditbp": "BP 68", "region": 44, "libregion": "GRAND EST", "departemen": "54", "libdeparte": "MEURTHE ET MOSELLE", "cog": "54329", "codepostal": 54303, "libelle_ro": "LUNEVILLE CEDEX", "telephone": "03 83 76 36 36", "libcateget": "Etab.Soins Chirur.", "liblongcat": "Etablissement de Soins Chirurgicaux", "libcategre": "Soins Courte Durée", "libcodeape": "Activités hospitalières", "mft": 7, "libmft": "ARS / san pr non DG", "liblongmft": "ARS établissements de santé non financés dotation globale", "sph": "0", "libsph": "Non concerné", "coordx": 958283.3, "coordy": 6837884.5, "dateautor": "1959-06-15", "dateouvert": "1959-06-15", "cleabs": "COMMUNE_0000000000054329", "nom_offici": "Lunéville", "nom_offi_1": "LUNEVILLE", "code_insee": "54329", "superficie": 1630, "typo_urb_r": "urbain densité intermédiaire", "code_urb_r": 5, "REG": 44, "Région": "Grand Est", "DEP": 54, "CODCOM": 329, "Commune": "Lunéville", "PTOT": 18210 }, "geometry": { "type": "Point", "coordinates": [ 6.503310016772998, 48.589593559997489 ] } },
{ "type": "Feature", "properties": { "rs": "LES MAISONS  HOSPITALI. SITE NANCY", "numvoie": 90, "typvoie": "R", "voie": "DES PONTS", "compvoie": null, "lieuditbp": null, "region": 44, "libregion": "GRAND EST", "departemen": "54", "libdeparte": "MEURTHE ET MOSELLE", "cog": "54395", "codepostal": 54000, "libelle_ro": "NANCY", "telephone": "03 83 17 58 00", "libcateget": "Etab.Soins Médicaux", "liblongcat": "Etablissement de Soins Médicaux", "libcategre": "Soins Courte Durée", "libcodeape": "Activités hospitalières", "mft": 4, "libmft": "ARS / DG PSPH", "liblongmft": "ARS établissements PSPH dotation globale", "sph": "6", "libsph": "ESPIC", "coordx": 934273.1, "coordy": 6847627.8, "dateautor": "1901-01-01", "dateouvert": "1901-01-01", "cleabs": "COMMUNE_0000000000054395", "nom_offici": "Nancy", "nom_offi_1": "NANCY", "code_insee": "54395", "superficie": 1500, "typo_urb_r": "urbain dense", "code_urb_r": 6, "REG": 44, "Région": "Grand Est", "DEP": 54, "CODCOM": 395, "Commune": "Nancy", "PTOT": 105792 }, "geometry": { "type": "Point", "coordinates": [ 6.183334933479049, 48.686296889690801 ] } },
{ "type": "Feature", "properties": { "rs": "CLINIQUE SAINT ANDRE", "numvoie": 102, "typvoie": "AV", "voie": "JEAN JAURES", "compvoie": null, "lieuditbp": null, "region": 44, "libregion": "GRAND EST", "departemen": "54", "libdeparte": "MEURTHE ET MOSELLE", "cog": "54547", "codepostal": 54501, "libelle_ro": "VANDOEUVRE LES NANCY CEDEX", "telephone": "08 26 39 99 28", "libcateget": "Etab.Soins Pluridis.", "liblongcat": "Etablissement de Soins Pluridisciplinaire", "libcategre": "Soins Courte Durée", "libcodeape": "Activités hospitalières", "mft": 7, "libmft": "ARS / san pr non DG", "liblongmft": "ARS établissements de santé non financés dotation globale", "sph": "0", "libsph": "Non concerné", "coordx": 932678.8, "coordy": 6844736.2, "dateautor": "1965-10-25", "dateouvert": "1965-10-25", "cleabs": "COMMUNE_0000000000054547", "nom_offici": "Vandœuvre-lès-Nancy", "nom_offi_1": "VANDOEUVRE-LES-NANCY", "code_insee": "54547", "superficie": 950, "typo_urb_r": "urbain dense", "code_urb_r": 6, "REG": 44, "Région": "Grand Est", "DEP": 54, "CODCOM": 547, "Commune": "Vandœuvre-lès-Nancy", "PTOT": 29995 }, "geometry": { "type": "Point", "coordinates": [ 6.160122955019789, 48.660884811449783 ] } },
{ "type": "Feature", "properties": { "rs": "CLINIQUE LOUIS PASTEUR", "numvoie": 7, "typvoie": "R", "voie": "PARMENTIER", "compvoie": null, "lieuditbp": "BP 99", "region": 44, "libregion": "GRAND EST", "departemen": "54", "libdeparte": "MEURTHE ET MOSELLE", "cog": "54184", "codepostal": 54271, "libelle_ro": "ESSEY LES NANCY CEDEX", "telephone": "08 90 65 50 00", "libcateget": "Etab.Soins Pluridis.", "liblongcat": "Etablissement de Soins Pluridisciplinaire", "libcategre": "Soins Courte Durée", "libcodeape": "Activités hospitalières", "mft": 7, "libmft": "ARS / san pr non DG", "liblongmft": "ARS établissements de santé non financés dotation globale", "sph": "0", "libsph": "Non concerné", "coordx": 936750.7, "coordy": 6849423.1, "dateautor": "1970-07-01", "dateouvert": "1970-07-01", "cleabs": "COMMUNE_0000000000054184", "nom_offici": "Essey-lès-Nancy", "nom_offi_1": "ESSEY-LES-NANCY", "code_insee": "54184", "superficie": 580, "typo_urb_r": "urbain dense", "code_urb_r": 6, "REG": 44, "Région": "Grand Est", "DEP": 54, "CODCOM": 184, "Commune": "Essey-lès-Nancy", "PTOT": 8918 }, "geometry": { "type": "Point", "coordinates": [ 6.217957455052932, 48.701528395248836 ] } },
{ "type": "Feature", "properties": { "rs": "CH DE BRIEY - HOPITAL MAILLOT", "numvoie": 31, "typvoie": "AV", "voie": "ALBERT DE BRIEY", "compvoie": null, "lieuditbp": "BP 99", "region": 44, "libregion": "GRAND EST", "departemen": "54", "libdeparte": "MEURTHE ET MOSELLE", "cog": "54099", "codepostal": 54151, "libelle_ro": "BRIEY CEDEX", "telephone": "03 82 47 50 00", "libcateget": "C.H.", "liblongcat": "Centre Hospitalier (C.H.)", "libcategre": "Centres Hospitaliers", "libcodeape": "Activités hospitalières", "mft": 3, "libmft": "ARS / DG EPS", "liblongmft": "ARS établissements Publics de santé dotation globale", "sph": "1", "libsph": "Etab.public de santé", "coordx": 913807.3, "coordy": 6909867.2, "dateautor": "1953-01-01", "dateouvert": "1953-01-01", "cleabs": "COMMUNE_0000000000054099", "nom_offici": "Val de Briey", "nom_offi_1": "VAL DE BRIEY", "code_insee": "54099", "superficie": 3890, "typo_urb_r": "urbain densité intermédiaire", "code_urb_r": 5, "REG": 44, "Région": "Grand Est", "DEP": 54, "CODCOM": 99, "Commune": "Val de Briey", "PTOT": 8133 }, "geometry": { "type": "Point", "coordinates": [ 5.936950110797342, 49.25267917220939 ] } },
{ "type": "Feature", "properties": { "rs": "CH DE MT ST MARTIN (GROUPE SOS SANTE)", "numvoie": 4, "typvoie": "R", "voie": "ALFRED LABBE.", "compvoie": null, "lieuditbp": null, "region": 44, "libregion": "GRAND EST", "departemen": "54", "libdeparte": "MEURTHE ET MOSELLE", "cog": "54382", "codepostal": 54350, "libelle_ro": "MONT ST MARTIN", "telephone": "03 82 44 70 00", "libcateget": "Etab.Soins Pluridis.", "liblongcat": "Etablissement de Soins Pluridisciplinaire", "libcategre": "Soins Courte Durée", "libcodeape": "Activités hospitalières", "mft": 4, "libmft": "ARS / DG PSPH", "liblongmft": "ARS établissements PSPH dotation globale", "sph": "6", "libsph": "ESPIC", "coordx": 901231.7, "coordy": 6941181.0, "dateautor": "1942-08-24", "dateouvert": "1942-08-24", "cleabs": "COMMUNE_0000000000054382", "nom_offici": "Mont-Saint-Martin", "nom_offi_1": "MONT-SAINT-MARTIN", "code_insee": "54382", "superficie": 880, "typo_urb_r": "urbain densité intermédiaire", "code_urb_r": 5, "REG": 44, "Région": "Grand Est", "DEP": 54, "CODCOM": 382, "Commune": "Mont-Saint-Martin", "PTOT": 9377 }, "geometry": { "type": "Point", "coordinates": [ 5.779487258987758, 49.538047206610628 ] } },
{ "type": "Feature", "properties": { "rs": "HOPITAL DE JOEUF (ASSPO)", "numvoie": 26, "typvoie": "R", "voie": "SAINT ROBERT", "compvoie": null, "lieuditbp": null, "region": 44, "libregion": "GRAND EST", "departemen": "54", "libdeparte": "MEURTHE ET MOSELLE", "cog": "54280", "codepostal": 54240, "libelle_ro": "JOEUF", "telephone": "03 82 47 53 53", "libcateget": "Etab.Soins Médicaux", "liblongcat": "Etablissement de Soins Médicaux", "libcategre": "Soins Courte Durée", "libcodeape": "Activités hospitalières", "mft": 4, "libmft": "ARS / DG PSPH", "liblongmft": "ARS établissements PSPH dotation globale", "sph": "6", "libsph": "ESPIC", "coordx": 919350.00000000012, "coordy": 6907016.6, "dateautor": "1944-07-13", "dateouvert": "1944-07-13", "cleabs": "COMMUNE_0000000000054280", "nom_offici": "Jœuf", "nom_offi_1": "JOEUF", "code_insee": "54280", "superficie": 320, "typo_urb_r": "urbain densité intermédiaire", "code_urb_r": 5, "REG": 44, "Région": "Grand Est", "DEP": 54, "CODCOM": 280, "Commune": "Jœuf", "PTOT": 6561 }, "geometry": { "type": "Point", "coordinates": [ 6.011521462354457, 49.225194313738896 ] } },
{ "type": "Feature", "properties": { "rs": "CHRU NANCY - HOPITAL CENTRAL", "numvoie": 29, "typvoie": "AV", "voie": "DE LATTRE DE TASSIGNY", "compvoie": null, "lieuditbp": "CO 60034", "region": 44, "libregion": "GRAND EST", "departemen": "54", "libdeparte": "MEURTHE ET MOSELLE", "cog": "54395", "codepostal": 54035, "libelle_ro": "NANCY CEDEX", "telephone": "03 83 85 85 85", "libcateget": "C.H.R.", "liblongcat": "Centre Hospitalier Régional (C.H.R.)", "libcategre": "C.H.R.", "libcodeape": "Activités hospitalières", "mft": 3, "libmft": "ARS / DG EPS", "liblongmft": "ARS établissements Publics de santé dotation globale", "sph": "1", "libsph": "Etab.public de santé", "coordx": 934764.7, "coordy": 6847347.8, "dateautor": "1883-01-01", "dateouvert": "1883-01-01", "cleabs": "COMMUNE_0000000000054395", "nom_offici": "Nancy", "nom_offi_1": "NANCY", "code_insee": "54395", "superficie": 1500, "typo_urb_r": "urbain dense", "code_urb_r": 6, "REG": 44, "Région": "Grand Est", "DEP": 54, "CODCOM": 395, "Commune": "Nancy", "PTOT": 105792 }, "geometry": { "type": "Point", "coordinates": [ 6.189853989380027, 48.683602070298626 ] } },
{ "type": "Feature", "properties": { "rs": "CHRU NANCY - HOPITAUX DE BRABOIS", "numvoie": null, "typvoie": "R", "voie": "DU MORVAN", "compvoie": null, "lieuditbp": null, "region": 44, "libregion": "GRAND EST", "departemen": "54", "libdeparte": "MEURTHE ET MOSELLE", "cog": "54547", "codepostal": 54511, "libelle_ro": "VANDOEUVRE LES NANCY CEDEX", "telephone": "03 83 15 30 30", "libcateget": "C.H.R.", "liblongcat": "Centre Hospitalier Régional (C.H.R.)", "libcategre": "C.H.R.", "libcodeape": "Activités hospitalières", "mft": 3, "libmft": "ARS / DG EPS", "liblongmft": "ARS établissements Publics de santé dotation globale", "sph": "1", "libsph": "Etab.public de santé", "coordx": 932339.5, "coordy": 6843415.5, "dateautor": "1972-09-01", "dateouvert": "1972-09-01", "cleabs": "COMMUNE_0000000000054547", "nom_offici": "Vandœuvre-lès-Nancy", "nom_offi_1": "VANDOEUVRE-LES-NANCY", "code_insee": "54547", "superficie": 950, "typo_urb_r": "urbain dense", "code_urb_r": 6, "REG": 44, "Région": "Grand Est", "DEP": 54, "CODCOM": 547, "Commune": "Vandœuvre-lès-Nancy", "PTOT": 29995 }, "geometry": { "type": "Point", "coordinates": [ 6.154803403388836, 48.649136901046248 ] } },
{ "type": "Feature", "properties": { "rs": "CHRU NANCY - CRECHE HOSPITALIERE M V F", "numvoie": 36, "typvoie": "QU", "voie": "DE LA BATAILLE", "compvoie": null, "lieuditbp": null, "region": 44, "libregion": "GRAND EST", "departemen": "54", "libdeparte": "MEURTHE ET MOSELLE", "cog": "54395", "codepostal": 54000, "libelle_ro": "NANCY", "telephone": "03 83 85 85 85", "libcateget": "C.H.R.", "liblongcat": "Centre Hospitalier Régional (C.H.R.)", "libcategre": "C.H.R.", "libcodeape": "Activités hospitalières", "mft": 3, "libmft": "ARS / DG EPS", "liblongmft": "ARS établissements Publics de santé dotation globale", "sph": "1", "libsph": "Etab.public de santé", "coordx": 934618.1, "coordy": 6846987.5, "dateautor": "1911-01-01", "dateouvert": "1911-01-01", "cleabs": "COMMUNE_0000000000054395", "nom_offici": "Nancy", "nom_offi_1": "NANCY", "code_insee": "54395", "superficie": 1500, "typo_urb_r": "urbain dense", "code_urb_r": 6, "REG": 44, "Région": "Grand Est", "DEP": 54, "CODCOM": 395, "Commune": "Nancy", "PTOT": 105792 }, "geometry": { "type": "Point", "coordinates": [ 6.187666709839141, 48.680417200480065 ] } },
{ "type": "Feature", "properties": { "rs": "CHRU NANCY - HOPITAL SAINT JULIEN", "numvoie": 71, "typvoie": "R", "voie": "DES JARDINIERS", "compvoie": null, "lieuditbp": null, "region": 44, "libregion": "GRAND EST", "departemen": "54", "libdeparte": "MEURTHE ET MOSELLE", "cog": "54395", "codepostal": 54000, "libelle_ro": "NANCY", "telephone": "03 83 85 85 85", "libcateget": "C.H.R.", "liblongcat": "Centre Hospitalier Régional (C.H.R.)", "libcategre": "C.H.R.", "libcodeape": "Activités hospitalières", "mft": 3, "libmft": "ARS / DG EPS", "liblongmft": "ARS établissements Publics de santé dotation globale", "sph": "1", "libsph": "Etab.public de santé", "coordx": 934888.7, "coordy": 6847727.3, "dateautor": "1900-01-01", "dateouvert": "1900-01-01", "cleabs": "COMMUNE_0000000000054395", "nom_offici": "Nancy", "nom_offi_1": "NANCY", "code_insee": "54395", "superficie": 1500, "typo_urb_r": "urbain dense", "code_urb_r": 6, "REG": 44, "Région": "Grand Est", "DEP": 54, "CODCOM": 395, "Commune": "Nancy", "PTOT": 105792 }, "geometry": { "type": "Point", "coordinates": [ 6.191745314491841, 48.68696766035832 ] } },
{ "type": "Feature", "properties": { "rs": "POLYCLINIQUE MAJORELLE", "numvoie": 95, "typvoie": "R", "voie": "AMBROISE PARÉ", "compvoie": null, "lieuditbp": "BP 2049", "region": 44, "libregion": "GRAND EST", "departemen": "54", "libdeparte": "MEURTHE ET MOSELLE", "cog": "54395", "codepostal": 54000, "libelle_ro": "NANCY", "telephone": "08 26 60 56 55", "libcateget": "Etab.Soins Pluridis.", "liblongcat": "Etablissement de Soins Pluridisciplinaire", "libcategre": "Soins Courte Durée", "libcodeape": "Activités hospitalières", "mft": 7, "libmft": "ARS / san pr non DG", "liblongmft": "ARS établissements de santé non financés dotation globale", "sph": "0", "libsph": "Non concerné", "coordx": 931315.9, "coordy": 6849186.1, "dateautor": "1992-09-17", "dateouvert": "1994-06-01", "cleabs": "COMMUNE_0000000000054395", "nom_offici": "Nancy", "nom_offi_1": "NANCY", "code_insee": "54395", "superficie": 1500, "typo_urb_r": "urbain dense", "code_urb_r": 6, "REG": 44, "Région": "Grand Est", "DEP": 54, "CODCOM": 395, "Commune": "Nancy", "PTOT": 105792 }, "geometry": { "type": "Point", "coordinates": [ 6.144037463951102, 48.701367157522476 ] } },
{ "type": "Feature", "properties": { "rs": "CHRU NANCY - HJ SSR CTRE BASSE VISION", "numvoie": 8, "typvoie": "R", "voie": "DE SANTIFONTAINE", "compvoie": null, "lieuditbp": "BP 3724", "region": 44, "libregion": "GRAND EST", "departemen": "54", "libdeparte": "MEURTHE ET MOSELLE", "cog": "54395", "codepostal": 54000, "libelle_ro": "NANCY", "telephone": "03 83 28 75 16", "libcateget": "C.H.R.", "liblongcat": "Centre Hospitalier Régional (C.H.R.)", "libcategre": "C.H.R.", "libcodeape": "Activités hospitalières", "mft": 3, "libmft": "ARS / DG EPS", "liblongmft": "ARS établissements Publics de santé dotation globale", "sph": "1", "libsph": "Etab.public de santé", "coordx": 932581.6, "coordy": 6847811.7, "dateautor": "2010-07-27", "dateouvert": "2010-07-30", "cleabs": "COMMUNE_0000000000054395", "nom_offici": "Nancy", "nom_offi_1": "NANCY", "code_insee": "54395", "superficie": 1500, "typo_urb_r": "urbain dense", "code_urb_r": 6, "REG": 44, "Région": "Grand Est", "DEP": 54, "CODCOM": 395, "Commune": "Nancy", "PTOT": 105792 }, "geometry": { "type": "Point", "coordinates": [ 6.160475191307261, 48.688560640204223 ] } },
{ "type": "Feature", "properties": { "rs": "LBM MULTISITE GHT LORR NORD (CHR MT)", "numvoie": 31, "typvoie": "AV", "voie": "ALBERT DE BRIEY", "compvoie": null, "lieuditbp": null, "region": 44, "libregion": "GRAND EST", "departemen": "54", "libdeparte": "MEURTHE ET MOSELLE", "cog": "54099", "codepostal": 54150, "libelle_ro": "VAL DE BRIEY", "telephone": null, "libcateget": "C.H.R.", "liblongcat": "Centre Hospitalier Régional (C.H.R.)", "libcategre": "C.H.R.", "libcodeape": "Activités hospitalières", "mft": 3, "libmft": "ARS / DG EPS", "liblongmft": "ARS établissements Publics de santé dotation globale", "sph": "1", "libsph": "Etab.public de santé", "coordx": 913807.3, "coordy": 6909867.2, "dateautor": "2022-01-24", "dateouvert": "2022-01-24", "cleabs": "COMMUNE_0000000000054099", "nom_offici": "Val de Briey", "nom_offi_1": "VAL DE BRIEY", "code_insee": "54099", "superficie": 3890, "typo_urb_r": "urbain densité intermédiaire", "code_urb_r": 5, "REG": 44, "Région": "Grand Est", "DEP": 54, "CODCOM": 99, "Commune": "Val de Briey", "PTOT": 8133 }, "geometry": { "type": "Point", "coordinates": [ 5.936950110797342, 49.25267917220939 ] } },
{ "type": "Feature", "properties": { "rs": "HOPITAL PRIVE NANCY LORRAINE", "numvoie": null, "typvoie": "R", "voie": "MARIE MARVINGT", "compvoie": null, "lieuditbp": null, "region": 44, "libregion": "GRAND EST", "departemen": "54", "libdeparte": "MEURTHE ET MOSELLE", "cog": "54395", "codepostal": 54000, "libelle_ro": "NANCY", "telephone": null, "libcateget": "Etab.Soins Pluridis.", "liblongcat": "Etablissement de Soins Pluridisciplinaire", "libcategre": "Soins Courte Durée", "libcodeape": "Activités hospitalières", "mft": 7, "libmft": "ARS / san pr non DG", "liblongmft": "ARS établissements de santé non financés dotation globale", "sph": "0", "libsph": "Non concerné", "coordx": 931073.1, "coordy": 6849122.9, "dateautor": "2022-07-28", "dateouvert": "2001-01-16", "cleabs": "COMMUNE_0000000000054395", "nom_offici": "Nancy", "nom_offi_1": "NANCY", "code_insee": "54395", "superficie": 1500, "typo_urb_r": "urbain dense", "code_urb_r": 6, "REG": 44, "Région": "Grand Est", "DEP": 54, "CODCOM": 395, "Commune": "Nancy", "PTOT": 105792 }, "geometry": { "type": "Point", "coordinates": [ 6.140706667445109, 48.700886044364438 ] } },
{ "type": "Feature", "properties": { "rs": "SSRS AFFECTIONS ONCO-HEMATOLOGIQUES", "numvoie": null, "typvoie": "PL", "voie": "COLOMBE", "compvoie": null, "lieuditbp": "BP 269", "region": 44, "libregion": "GRAND EST", "departemen": "54", "libdeparte": "MEURTHE ET MOSELLE", "cog": "54431", "codepostal": 54701, "libelle_ro": "PONT A MOUSSON CEDEX", "telephone": "03 83 80 20 00", "libcateget": "C.H.R.", "liblongcat": "Centre Hospitalier Régional (C.H.R.)", "libcategre": "C.H.R.", "libcodeape": null, "mft": 3, "libmft": "ARS / DG EPS", "liblongmft": "ARS établissements Publics de santé dotation globale", "sph": "1", "libsph": "Etab.public de santé", "coordx": 923601.5, "coordy": 6871641.8, "dateautor": "2022-10-28", "dateouvert": "2022-11-16", "cleabs": "COMMUNE_0000000000054431", "nom_offici": "Pont-à-Mousson", "nom_offi_1": "PONT-A-MOUSSON", "code_insee": "54431", "superficie": 2160, "typo_urb_r": "urbain densité intermédiaire", "code_urb_r": 5, "REG": 44, "Région": "Grand Est", "DEP": 54, "CODCOM": 431, "Commune": "Pont-à-Mousson", "PTOT": 14625 }, "geometry": { "type": "Point", "coordinates": [ 6.051076951444355, 48.905891030809777 ] } },
{ "type": "Feature", "properties": { "rs": "MEDIPOLE PASTEUR KLEBER", "numvoie": 42, "typvoie": "R", "voie": "DU 8 MAI 1945", "compvoie": null, "lieuditbp": null, "region": 44, "libregion": "GRAND EST", "departemen": "54", "libdeparte": "MEURTHE ET MOSELLE", "cog": "54184", "codepostal": 54270, "libelle_ro": "ESSEY LES NANCY", "telephone": "03 83 18 83 01", "libcateget": "Etab.Soins Chirur.", "liblongcat": "Etablissement de Soins Chirurgicaux", "libcategre": "Soins Courte Durée", "libcodeape": null, "mft": 7, "libmft": "ARS / san pr non DG", "liblongmft": "ARS établissements de santé non financés dotation globale", "sph": "0", "libsph": "Non concerné", "coordx": 937711.0, "coordy": 6849599.6, "dateautor": "2023-05-30", "dateouvert": "2023-05-30", "cleabs": "COMMUNE_0000000000054184", "nom_offici": "Essey-lès-Nancy", "nom_offi_1": "ESSEY-LES-NANCY", "code_insee": "54184", "superficie": 580, "typo_urb_r": "urbain dense", "code_urb_r": 6, "REG": 44, "Région": "Grand Est", "DEP": 54, "CODCOM": 184, "Commune": "Essey-lès-Nancy", "PTOT": 8918 }, "geometry": { "type": "Point", "coordinates": [ 6.231093598920801, 48.702761969719276 ] } },
{ "type": "Feature", "properties": { "rs": "POLE MEDICAL PASTEUR KLEBER", "numvoie": 42, "typvoie": "AV", "voie": "DU 08 MAI 1945", "compvoie": null, "lieuditbp": null, "region": 44, "libregion": "GRAND EST", "departemen": "54", "libdeparte": "MEURTHE ET MOSELLE", "cog": "54184", "codepostal": 54270, "libelle_ro": "ESSEY LES NANCY", "telephone": "03 83 18 83 01", "libcateget": "Etab.Soins Pluridis.", "liblongcat": "Etablissement de Soins Pluridisciplinaire", "libcategre": "Soins Courte Durée", "libcodeape": "Activités hospitalières", "mft": 7, "libmft": "ARS / san pr non DG", "liblongmft": "ARS établissements de santé non financés dotation globale", "sph": "0", "libsph": "Non concerné", "coordx": 937711.0, "coordy": 6849599.6, "dateautor": "2025-04-23", "dateouvert": "2025-05-01", "cleabs": "COMMUNE_0000000000054184", "nom_offici": "Essey-lès-Nancy", "nom_offi_1": "ESSEY-LES-NANCY", "code_insee": "54184", "superficie": 580, "typo_urb_r": "urbain dense", "code_urb_r": 6, "REG": 44, "Région": "Grand Est", "DEP": 54, "CODCOM": 184, "Commune": "Essey-lès-Nancy", "PTOT": 8918 }, "geometry": { "type": "Point", "coordinates": [ 6.231093598920801, 48.702761969719276 ] } },
{ "type": "Feature", "properties": { "rs": "CH VERDUN/ST MIHIEL-HOP ST NICOLAS", "numvoie": 2, "typvoie": "R", "voie": "D'ANTHOUARD", "compvoie": null, "lieuditbp": "BP 20713", "region": 44, "libregion": "GRAND EST", "departemen": "55", "libdeparte": "MEUSE", "cog": "55545", "codepostal": 55107, "libelle_ro": "VERDUN CEDEX", "telephone": "03 29 83 84 85", "libcateget": "C.H.", "liblongcat": "Centre Hospitalier (C.H.)", "libcategre": "Centres Hospitaliers", "libcodeape": "Activités hospitalières", "mft": 3, "libmft": "ARS / DG EPS", "liblongmft": "ARS établissements Publics de santé dotation globale", "sph": "1", "libsph": "Etab.public de santé", "coordx": 873727.1, "coordy": 6897810.7, "dateautor": "1901-01-01", "dateouvert": "1901-01-01", "cleabs": "COMMUNE_0000000000055545", "nom_offici": "Verdun", "nom_offi_1": "VERDUN", "code_insee": "55545", "superficie": 3100, "typo_urb_r": "urbain densité intermédiaire", "code_urb_r": 5, "REG": 44, "Région": "Grand Est", "DEP": 55, "CODCOM": 545, "Commune": "Verdun", "PTOT": 17550 }, "geometry": { "type": "Point", "coordinates": [ 5.381770242276145, 49.156482668099827 ] } },
{ "type": "Feature", "properties": { "rs": "CENTRE HOSPITALIER ST-CHARLES COMMERCY", "numvoie": 1, "typvoie": "R", "voie": "HENRI GARNIER", "compvoie": null, "lieuditbp": "BP 107", "region": 44, "libregion": "GRAND EST", "departemen": "55", "libdeparte": "MEUSE", "cog": "55122", "codepostal": 55205, "libelle_ro": "COMMERCY CEDEX", "telephone": "03 29 91 63 00", "libcateget": "C.H.", "liblongcat": "Centre Hospitalier (C.H.)", "libcategre": "Centres Hospitaliers", "libcodeape": "Activités hospitalières", "mft": 3, "libmft": "ARS / DG EPS", "liblongmft": "ARS établissements Publics de santé dotation globale", "sph": "1", "libsph": "Etab.public de santé", "coordx": 890187.3, "coordy": 6854274.3, "dateautor": "1901-01-01", "dateouvert": "1901-01-01", "cleabs": "COMMUNE_0000000000055122", "nom_offici": "Commercy", "nom_offi_1": "COMMERCY", "code_insee": "55122", "superficie": 3540, "typo_urb_r": "urbain densité intermédiaire", "code_urb_r": 5, "REG": 44, "Région": "Grand Est", "DEP": 55, "CODCOM": 122, "Commune": "Commercy", "PTOT": 5560 }, "geometry": { "type": "Point", "coordinates": [ 5.587727611829214, 48.760524674784264 ] } },
{ "type": "Feature", "properties": { "rs": "POLYCLINIQUE DU PARC", "numvoie": 53, "typvoie": "RTE", "voie": "DE BEHONNE", "compvoie": null, "lieuditbp": "CS 50188", "region": 44, "libregion": "GRAND EST", "departemen": "55", "libdeparte": "MEUSE", "cog": "55029", "codepostal": 55005, "libelle_ro": "BAR LE DUC CEDEX", "telephone": "03 29 79 58 58", "libcateget": "Etab.Soins Pluridis.", "liblongcat": "Etablissement de Soins Pluridisciplinaire", "libcategre": "Soins Courte Durée", "libcodeape": "Activités hospitalières", "mft": 7, "libmft": "ARS / san pr non DG", "liblongmft": "ARS établissements de santé non financés dotation globale", "sph": "0", "libsph": "Non concerné", "coordx": 859095.9, "coordy": 6856284.3, "dateautor": "1967-01-01", "dateouvert": "1967-01-01", "cleabs": "COMMUNE_0000000000055029", "nom_offici": "Bar-le-Duc", "nom_offi_1": "BAR-LE-DUC", "code_insee": "55029", "superficie": 2360, "typo_urb_r": "urbain densité intermédiaire", "code_urb_r": 5, "REG": 44, "Région": "Grand Est", "DEP": 55, "CODCOM": 29, "Commune": "Bar-le-Duc", "PTOT": 15215 }, "geometry": { "type": "Point", "coordinates": [ 5.165674239847134, 48.787009667147089 ] } },
{ "type": "Feature", "properties": { "rs": "CH VERDUN/ST MIHIEL-UNITE D'HOSP. ADOS", "numvoie": 18, "typvoie": "R", "voie": "D'ANTHOUARD", "compvoie": null, "lieuditbp": null, "region": 44, "libregion": "GRAND EST", "departemen": "55", "libdeparte": "MEUSE", "cog": "55545", "codepostal": 55100, "libelle_ro": "VERDUN", "telephone": "03 29 83 41 41", "libcateget": "C.H.", "liblongcat": "Centre Hospitalier (C.H.)", "libcategre": "Centres Hospitaliers", "libcodeape": "Activités hospitalières", "mft": 3, "libmft": "ARS / DG EPS", "liblongmft": "ARS établissements Publics de santé dotation globale", "sph": "1", "libsph": "Etab.public de santé", "coordx": 873849.9, "coordy": 6897879.1, "dateautor": "1947-05-01", "dateouvert": "1947-05-01", "cleabs": "COMMUNE_0000000000055545", "nom_offici": "Verdun", "nom_offi_1": "VERDUN", "code_insee": "55545", "superficie": 3100, "typo_urb_r": "urbain densité intermédiaire", "code_urb_r": 5, "REG": 44, "Région": "Grand Est", "DEP": 55, "CODCOM": 545, "Commune": "Verdun", "PTOT": 17550 }, "geometry": { "type": "Point", "coordinates": [ 5.383481085657995, 49.1570640398091 ] } },
{ "type": "Feature", "properties": { "rs": "CENTRE HOSPITALIER STE-ANNE  ST-MIHIEL", "numvoie": null, "typvoie": "PL", "voie": "JEAN BERAIN", "compvoie": null, "lieuditbp": null, "region": 44, "libregion": "GRAND EST", "departemen": "55", "libdeparte": "MEUSE", "cog": "55463", "codepostal": 55300, "libelle_ro": "ST MIHIEL", "telephone": "03 29 91 81 81", "libcateget": "C.H.", "liblongcat": "Centre Hospitalier (C.H.)", "libcategre": "Centres Hospitaliers", "libcodeape": "Activités hospitalières", "mft": 3, "libmft": "ARS / DG EPS", "liblongmft": "ARS établissements Publics de santé dotation globale", "sph": "1", "libsph": "Etab.public de santé", "coordx": 886266.4, "coordy": 6868479.1, "dateautor": "1901-01-01", "dateouvert": "1901-01-01", "cleabs": "COMMUNE_0000000000055463", "nom_offici": "Saint-Mihiel", "nom_offi_1": "SAINT-MIHIEL", "code_insee": "55463", "superficie": 3300, "typo_urb_r": "rural autonome peu dense", "code_urb_r": 1, "REG": 44, "Région": "Grand Est", "DEP": 55, "CODCOM": 463, "Commune": "Saint-Mihiel", "PTOT": 3882 }, "geometry": { "type": "Point", "coordinates": [ 5.540632615408564, 48.889352549440041 ] } },
{ "type": "Feature", "properties": { "rs": "CH BLD FV SITE FV", "numvoie": 36, "typvoie": "R", "voie": "DE BAR", "compvoie": null, "lieuditbp": null, "region": 44, "libregion": "GRAND EST", "departemen": "55", "libdeparte": "MEUSE", "cog": "55186", "codepostal": 55000, "libelle_ro": "FAINS VEEL", "telephone": "03 29 76 86 86", "libcateget": "C.H.", "liblongcat": "Centre Hospitalier (C.H.)", "libcategre": "Centres Hospitaliers", "libcodeape": "Activités hospitalières", "mft": 3, "libmft": "ARS / DG EPS", "liblongmft": "ARS établissements Publics de santé dotation globale", "sph": "1", "libsph": "Etab.public de santé", "coordx": 856670.3, "coordy": 6856546.3, "dateautor": "1901-01-01", "dateouvert": "1901-01-01", "cleabs": "COMMUNE_0000000000055186", "nom_offici": "Fains-Véel", "nom_offi_1": "FAINS-VEEL", "code_insee": "55186", "superficie": 1830, "typo_urb_r": "urbain densité intermédiaire", "code_urb_r": 5, "REG": 44, "Région": "Grand Est", "DEP": 55, "CODCOM": 186, "Commune": "Fains-Véel", "PTOT": 2139 }, "geometry": { "type": "Point", "coordinates": [ 5.132768530558087, 48.789958857949358 ] } },
{ "type": "Feature", "properties": { "rs": "CH BLD FV SITE BLD", "numvoie": 1, "typvoie": "BD", "voie": "D'ARGONNE", "compvoie": null, "lieuditbp": "CS 10510", "region": 44, "libregion": "GRAND EST", "departemen": "55", "libdeparte": "MEUSE", "cog": "55029", "codepostal": 55012, "libelle_ro": "BAR LE DUC CEDEX", "telephone": "03 29 45 88 88", "libcateget": "C.H.", "liblongcat": "Centre Hospitalier (C.H.)", "libcategre": "Centres Hospitaliers", "libcodeape": "Activités hospitalières", "mft": 3, "libmft": "ARS / DG EPS", "liblongmft": "ARS établissements Publics de santé dotation globale", "sph": "1", "libsph": "Etab.public de santé", "coordx": 859053.2, "coordy": 6856043.9, "dateautor": "1985-12-03", "dateouvert": "1985-12-03", "cleabs": "COMMUNE_0000000000055029", "nom_offici": "Bar-le-Duc", "nom_offi_1": "BAR-LE-DUC", "code_insee": "55029", "superficie": 2360, "typo_urb_r": "urbain densité intermédiaire", "code_urb_r": 5, "REG": 44, "Région": "Grand Est", "DEP": 55, "CODCOM": 29, "Commune": "Bar-le-Duc", "PTOT": 15215 }, "geometry": { "type": "Point", "coordinates": [ 5.165003581345552, 48.784858906515559 ] } },
{ "type": "Feature", "properties": { "rs": "CH VERDUN/ST MIHIEL - HOP DESANDROUINS", "numvoie": null, "typvoie": null, "voie": "ROUTE D'ETAIN", "compvoie": null, "lieuditbp": "BP 713", "region": 44, "libregion": "GRAND EST", "departemen": "55", "libdeparte": "MEUSE", "cog": "55545", "codepostal": 55107, "libelle_ro": "VERDUN CEDEX", "telephone": "03 29 83 84 85", "libcateget": "C.H.", "liblongcat": "Centre Hospitalier (C.H.)", "libcategre": "Centres Hospitaliers", "libcodeape": null, "mft": 3, "libmft": "ARS / DG EPS", "liblongmft": "ARS établissements Publics de santé dotation globale", "sph": "1", "libsph": "Etab.public de santé", "coordx": 876049.7, "coordy": 6898753.5, "dateautor": "1972-06-01", "dateouvert": "1972-06-01", "cleabs": "COMMUNE_0000000000055545", "nom_offici": "Verdun", "nom_offi_1": "VERDUN", "code_insee": "55545", "superficie": 3100, "typo_urb_r": "urbain densité intermédiaire", "code_urb_r": 5, "REG": 44, "Région": "Grand Est", "DEP": 55, "CODCOM": 545, "Commune": "Verdun", "PTOT": 17550 }, "geometry": { "type": "Point", "coordinates": [ 5.413988038307752, 49.164321092618245 ] } },
{ "type": "Feature", "properties": { "rs": "HOPITAL SAINT JOSEPH DE SARRALBE", "numvoie": 12, "typvoie": "R", "voie": "DE L'HOPITAL", "compvoie": null, "lieuditbp": null, "region": 44, "libregion": "GRAND EST", "departemen": "57", "libdeparte": "MOSELLE", "cog": "57628", "codepostal": 57430, "libelle_ro": "SARRALBE", "telephone": "03 87 97 32 00", "libcateget": "Etab.Soins Médicaux", "liblongcat": "Etablissement de Soins Médicaux", "libcategre": "Soins Courte Durée", "libcodeape": "Activités hospitalières", "mft": 15, "libmft": "ARS priv non PSPH DG", "liblongmft": "ARS privé hors PSPH sous dotation globale", "sph": "6", "libsph": "ESPIC", "coordx": 994592.5, "coordy": 6885087.8, "dateautor": "1958-10-01", "dateouvert": "1958-10-01", "cleabs": "COMMUNE_0000000000057628", "nom_offici": "Sarralbe", "nom_offi_1": "SARRALBE", "code_insee": "57628", "superficie": 2730, "typo_urb_r": "rural sous faible influence d'un pôle", "code_urb_r": 3, "REG": 44, "Région": "Grand Est", "DEP": 57, "CODCOM": 628, "Commune": "Sarralbe", "PTOT": 4471 }, "geometry": { "type": "Point", "coordinates": [ 7.027636437556737, 48.998078711090095 ] } },
{ "type": "Feature", "properties": { "rs": "CH MARIE-MADELEINE DE FORBACH", "numvoie": 2, "typvoie": "R", "voie": "THERESE", "compvoie": null, "lieuditbp": "BP 80229", "region": 44, "libregion": "GRAND EST", "departemen": "57", "libdeparte": "MOSELLE", "cog": "57227", "codepostal": 57604, "libelle_ro": "FORBACH CEDEX", "telephone": "03 87 88 80 00", "libcateget": "C.H.", "liblongcat": "Centre Hospitalier (C.H.)", "libcategre": "Centres Hospitaliers", "libcodeape": "Activités hospitalières", "mft": 3, "libmft": "ARS / DG EPS", "liblongmft": "ARS établissements Publics de santé dotation globale", "sph": "1", "libsph": "Etab.public de santé", "coordx": 985121.0, "coordy": 6905064.9, "dateautor": "1913-04-01", "dateouvert": "1913-04-01", "cleabs": "COMMUNE_0000000000057227", "nom_offici": "Forbach", "nom_offi_1": "FORBACH", "code_insee": "57227", "superficie": 1630, "typo_urb_r": "urbain densité intermédiaire", "code_urb_r": 5, "REG": 44, "Région": "Grand Est", "DEP": 57, "CODCOM": 227, "Commune": "Forbach", "PTOT": 21372 }, "geometry": { "type": "Point", "coordinates": [ 6.911877500928179, 49.181750226121359 ] } },
{ "type": "Feature", "properties": { "rs": "CLINIQUE SAINT NABOR DE SAINT AVOLD", "numvoie": 75, "typvoie": "R", "voie": "DES GENERAUX ALTMAYER", "compvoie": null, "lieuditbp": "BP 90159", "region": 44, "libregion": "GRAND EST", "departemen": "57", "libdeparte": "MOSELLE", "cog": "57606", "codepostal": 57504, "libelle_ro": "ST AVOLD CEDEX", "telephone": "08 25 13 57 57", "libcateget": "Etab.Soins Pluridis.", "liblongcat": "Etablissement de Soins Pluridisciplinaire", "libcategre": "Soins Courte Durée", "libcodeape": "Activités hospitalières", "mft": 7, "libmft": "ARS / san pr non DG", "liblongmft": "ARS établissements de santé non financés dotation globale", "sph": "0", "libsph": "Non concerné", "coordx": 971625.3, "coordy": 6897754.9, "dateautor": "1961-05-01", "dateouvert": "1961-05-01", "cleabs": "COMMUNE_0000000000057606", "nom_offici": "Saint-Avold", "nom_offi_1": "SAINT-AVOLD", "code_insee": "57606", "superficie": 3550, "typo_urb_r": "urbain densité intermédiaire", "code_urb_r": 5, "REG": 44, "Région": "Grand Est", "DEP": 57, "CODCOM": 606, "Commune": "Saint-Avold", "PTOT": 15114 }, "geometry": { "type": "Point", "coordinates": [ 6.722272694832266, 49.121968120887352 ] } },
{ "type": "Feature", "properties": { "rs": "HOPITAL FILIERIS DE FREYMING-MERLEBACH", "numvoie": 2, "typvoie": "R", "voie": "DE FRANCE", "compvoie": null, "lieuditbp": "BP 50161", "region": 44, "libregion": "GRAND EST", "departemen": "57", "libdeparte": "MOSELLE", "cog": "57240", "codepostal": 57804, "libelle_ro": "FREYMING MERLEBACH CEDEX", "telephone": "03 87 81 80 00", "libcateget": "Etab.Soins Pluridis.", "liblongcat": "Etablissement de Soins Pluridisciplinaire", "libcategre": "Soins Courte Durée", "libcodeape": "Activités hospitalières", "mft": 4, "libmft": "ARS / DG PSPH", "liblongmft": "ARS établissements PSPH dotation globale", "sph": "6", "libsph": "ESPIC", "coordx": 977365.4, "coordy": 6901738.6, "dateautor": "1913-01-01", "dateouvert": "1913-01-01", "cleabs": "COMMUNE_0000000000057240", "nom_offici": "Freyming-Merlebach", "nom_offi_1": "FREYMING-MERLEBACH", "code_insee": "57240", "superficie": 910, "typo_urb_r": "urbain densité intermédiaire", "code_urb_r": 5, "REG": 44, "Région": "Grand Est", "DEP": 57, "CODCOM": 240, "Commune": "Freyming-Merlebach", "PTOT": 13188 }, "geometry": { "type": "Point", "coordinates": [ 6.803440565087905, 49.155285769356752 ] } },
{ "type": "Feature", "properties": { "rs": "NIDERVILLER - CRS SAINT LUC", "numvoie": null, "typvoie": "RTE", "voie": "DE DABO", "compvoie": null, "lieuditbp": null, "region": 44, "libregion": "GRAND EST", "departemen": "57", "libdeparte": "MOSELLE", "cog": "57505", "codepostal": 57565, "libelle_ro": "NIDERVILLER", "telephone": "03 87 24 55 00", "libcateget": "C.H.", "liblongcat": "Centre Hospitalier (C.H.)", "libcategre": "Centres Hospitaliers", "libcodeape": "Activités hospitalières", "mft": 3, "libmft": "ARS / DG EPS", "liblongmft": "ARS établissements Publics de santé dotation globale", "sph": "1", "libsph": "Etab.public de santé", "coordx": 1003283.7, "coordy": 6852655.5, "dateautor": "1983-06-01", "dateouvert": "1983-06-01", "cleabs": "COMMUNE_0000000000057505", "nom_offici": "Niderviller", "nom_offi_1": "NIDERVILLER", "code_insee": "57505", "superficie": 1080, "typo_urb_r": "urbain densité intermédiaire", "code_urb_r": 5, "REG": 44, "Région": "Grand Est", "DEP": 57, "CODCOM": 505, "Commune": "Niderviller", "PTOT": 1172 }, "geometry": { "type": "Point", "coordinates": [ 7.123115544211861, 48.702763026289531 ] } },
{ "type": "Feature", "properties": { "rs": "CH SAINT-NICOLAS DE SARREBOURG", "numvoie": 25, "typvoie": "AV", "voie": "DU GENERAL DE GAULLE", "compvoie": null, "lieuditbp": "BP 80269", "region": 44, "libregion": "GRAND EST", "departemen": "57", "libdeparte": "MOSELLE", "cog": "57630", "codepostal": 57402, "libelle_ro": "SARREBOURG CEDEX", "telephone": "03 87 23 24 25", "libcateget": "C.H.", "liblongcat": "Centre Hospitalier (C.H.)", "libcategre": "Centres Hospitaliers", "libcodeape": "Activités hospitalières", "mft": 3, "libmft": "ARS / DG EPS", "liblongmft": "ARS établissements Publics de santé dotation globale", "sph": "1", "libsph": "Etab.public de santé", "coordx": 997820.4, "coordy": 6855461.8, "dateautor": "1901-01-01", "dateouvert": "1901-01-01", "cleabs": "COMMUNE_0000000000057630", "nom_offici": "Sarrebourg", "nom_offi_1": "SARREBOURG", "code_insee": "57630", "superficie": 1640, "typo_urb_r": "urbain densité intermédiaire", "code_urb_r": 5, "REG": 44, "Région": "Grand Est", "DEP": 57, "CODCOM": 630, "Commune": "Sarrebourg", "PTOT": 12532 }, "geometry": { "type": "Point", "coordinates": [ 7.050929360118348, 48.730512205823416 ] } },
{ "type": "Feature", "properties": { "rs": "CTRE DE GERIATRIE FORBACH - SOS SANTE", "numvoie": 24, "typvoie": "FG", "voie": "SAINTE-CROIX", "compvoie": null, "lieuditbp": null, "region": 44, "libregion": "GRAND EST", "departemen": "57", "libdeparte": "MOSELLE", "cog": "57227", "codepostal": 57600, "libelle_ro": "FORBACH", "telephone": "03 87 84 99 70", "libcateget": "Etab.Soins Pluridis.", "liblongcat": "Etablissement de Soins Pluridisciplinaire", "libcategre": "Soins Courte Durée", "libcodeape": "Activités hospitalières", "mft": 4, "libmft": "ARS / DG PSPH", "liblongmft": "ARS établissements PSPH dotation globale", "sph": "6", "libsph": "ESPIC", "coordx": 985188.6, "coordy": 6905388.4, "dateautor": "1951-01-01", "dateouvert": "1951-01-01", "cleabs": "COMMUNE_0000000000057227", "nom_offici": "Forbach", "nom_offi_1": "FORBACH", "code_insee": "57227", "superficie": 1630, "typo_urb_r": "urbain densité intermédiaire", "code_urb_r": 5, "REG": 44, "Région": "Grand Est", "DEP": 57, "CODCOM": 227, "Commune": "Forbach", "PTOT": 21372 }, "geometry": { "type": "Point", "coordinates": [ 6.91302322867653, 49.184624954251653 ] } },
{ "type": "Feature", "properties": { "rs": "HOPITAL DE SAINT AVOLD - SOS SANTE", "numvoie": null, "typvoie": "R", "voie": "AMBROISE PARE", "compvoie": null, "lieuditbp": "BP 70069", "region": 44, "libregion": "GRAND EST", "departemen": "57", "libdeparte": "MOSELLE", "cog": "57606", "codepostal": 57502, "libelle_ro": "ST AVOLD CEDEX", "telephone": "03 87 91 14 44", "libcateget": "Etab.Soins Pluridis.", "liblongcat": "Etablissement de Soins Pluridisciplinaire", "libcategre": "Soins Courte Durée", "libcodeape": "Activités hospitalières", "mft": 4, "libmft": "ARS / DG PSPH", "liblongmft": "ARS établissements PSPH dotation globale", "sph": "6", "libsph": "ESPIC", "coordx": 971781.9, "coordy": 6896594.0, "dateautor": "1956-01-01", "dateouvert": "1956-01-01", "cleabs": "COMMUNE_0000000000057606", "nom_offici": "Saint-Avold", "nom_offi_1": "SAINT-AVOLD", "code_insee": "57606", "superficie": 3550, "typo_urb_r": "urbain densité intermédiaire", "code_urb_r": 5, "REG": 44, "Région": "Grand Est", "DEP": 57, "CODCOM": 606, "Commune": "Saint-Avold", "PTOT": 15114 }, "geometry": { "type": "Point", "coordinates": [ 6.723665861203648, 49.111475701344204 ] } },
{ "type": "Feature", "properties": { "rs": "HOPITAL D'HAYANGE - CHR", "numvoie": 51, "typvoie": "R", "voie": "DE WENDEL", "compvoie": null, "lieuditbp": "BP 50525", "region": 44, "libregion": "GRAND EST", "departemen": "57", "libdeparte": "MOSELLE", "cog": "57306", "codepostal": 57701, "libelle_ro": "HAYANGE CEDEX", "telephone": "03 82 57 73 73", "libcateget": "C.H.R.", "liblongcat": "Centre Hospitalier Régional (C.H.R.)", "libcategre": "C.H.R.", "libcodeape": "Activités hospitalières", "mft": 3, "libmft": "ARS / DG EPS", "liblongmft": "ARS établissements Publics de santé dotation globale", "sph": "1", "libsph": "Etab.public de santé", "coordx": 923280.0, "coordy": 6918399.1, "dateautor": "1901-01-01", "dateouvert": "1901-01-01", "cleabs": "COMMUNE_0000000000057306", "nom_offici": "Hayange", "nom_offi_1": "HAYANGE", "code_insee": "57306", "superficie": 1220, "typo_urb_r": "urbain dense", "code_urb_r": 6, "REG": 44, "Région": "Grand Est", "DEP": 57, "CODCOM": 306, "Commune": "Hayange", "PTOT": 16218 }, "geometry": { "type": "Point", "coordinates": [ 6.071499488281195, 49.326081646325903 ] } },
{ "type": "Feature", "properties": { "rs": "HOPITAL BEL AIR DE THIONVILLE - CHR", "numvoie": 1, "typvoie": "R", "voie": "DE FRISCATY", "compvoie": null, "lieuditbp": "BP 60327", "region": 44, "libregion": "GRAND EST", "departemen": "57", "libdeparte": "MOSELLE", "cog": "57672", "codepostal": 57126, "libelle_ro": "THIONVILLE CEDEX", "telephone": "03 82 55 82 55", "libcateget": "C.H.R.", "liblongcat": "Centre Hospitalier Régional (C.H.R.)", "libcategre": "C.H.R.", "libcodeape": "Activités hospitalières", "mft": 3, "libmft": "ARS / DG EPS", "liblongmft": "ARS établissements Publics de santé dotation globale", "sph": "1", "libsph": "Etab.public de santé", "coordx": 928868.5, "coordy": 6923680.8, "dateautor": "1968-03-01", "dateouvert": "1968-03-01", "cleabs": "COMMUNE_0000000000057672", "nom_offici": "Thionville", "nom_offi_1": "THIONVILLE", "code_insee": "57672", "superficie": 4990, "typo_urb_r": "urbain densité intermédiaire", "code_urb_r": 5, "REG": 44, "Région": "Grand Est", "DEP": 57, "CODCOM": 672, "Commune": "Thionville", "PTOT": 43492 }, "geometry": { "type": "Point", "coordinates": [ 6.15119386290386, 49.371542484698082 ] } },
{ "type": "Feature", "properties": { "rs": "CLINIQUE AMBROISE PARE DE THIONVILLE", "numvoie": 21, "typvoie": "RTE", "voie": "DE GUENTRANGE", "compvoie": null, "lieuditbp": "BP 251", "region": 44, "libregion": "GRAND EST", "departemen": "57", "libdeparte": "MOSELLE", "cog": "57672", "codepostal": 57106, "libelle_ro": "THIONVILLE CEDEX", "telephone": "03 82 82 27 27", "libcateget": "Etab.Soins Chirur.", "liblongcat": "Etablissement de Soins Chirurgicaux", "libcategre": "Soins Courte Durée", "libcodeape": "Activités hospitalières", "mft": 7, "libmft": "ARS / san pr non DG", "liblongmft": "ARS établissements de santé non financés dotation globale", "sph": "0", "libsph": "Non concerné", "coordx": 929152.0, "coordy": 6922443.8, "dateautor": "1965-07-01", "dateouvert": "1965-07-01", "cleabs": "COMMUNE_0000000000057672", "nom_offici": "Thionville", "nom_offi_1": "THIONVILLE", "code_insee": "57672", "superficie": 4990, "typo_urb_r": "urbain densité intermédiaire", "code_urb_r": 5, "REG": 44, "Région": "Grand Est", "DEP": 57, "CODCOM": 672, "Commune": "Thionville", "PTOT": 43492 }, "geometry": { "type": "Point", "coordinates": [ 6.154413078919305, 49.360330587255895 ] } },
{ "type": "Feature", "properties": { "rs": "CLINIQUE NOTRE DAME DE THIONVILLE", "numvoie": 3, "typvoie": "R", "voie": "PAUL ALBERT", "compvoie": null, "lieuditbp": "BP 60551", "region": 44, "libregion": "GRAND EST", "departemen": "57", "libdeparte": "MOSELLE", "cog": "57672", "codepostal": 57109, "libelle_ro": "THIONVILLE CEDEX", "telephone": "08 26 30 03 01", "libcateget": "Etab.Soins Chirur.", "liblongcat": "Etablissement de Soins Chirurgicaux", "libcategre": "Soins Courte Durée", "libcodeape": "Activités hospitalières", "mft": 7, "libmft": "ARS / san pr non DG", "liblongmft": "ARS établissements de santé non financés dotation globale", "sph": "0", "libsph": "Non concerné", "coordx": 929279.1, "coordy": 6922043.3, "dateautor": "1947-07-10", "dateouvert": "2003-06-01", "cleabs": "COMMUNE_0000000000057672", "nom_offici": "Thionville", "nom_offi_1": "THIONVILLE", "code_insee": "57672", "superficie": 4990, "typo_urb_r": "urbain densité intermédiaire", "code_urb_r": 5, "REG": 44, "Région": "Grand Est", "DEP": 57, "CODCOM": 672, "Commune": "Thionville", "PTOT": 43492 }, "geometry": { "type": "Point", "coordinates": [ 6.155940594618492, 49.356687814005731 ] } },
{ "type": "Feature", "properties": { "rs": "ABRESCHVILLER - CRS SAINT LUC", "numvoie": 8, "typvoie": "R", "voie": "DU MOULIN DE FRANCE", "compvoie": null, "lieuditbp": null, "region": 44, "libregion": "GRAND EST", "departemen": "57", "libdeparte": "MOSELLE", "cog": "57003", "codepostal": 57560, "libelle_ro": "ABRESCHVILLER", "telephone": "03 87 23 38 00", "libcateget": "C.H.", "liblongcat": "Centre Hospitalier (C.H.)", "libcategre": "Centres Hospitaliers", "libcodeape": "Activités hospitalières", "mft": 3, "libmft": "ARS / DG EPS", "liblongmft": "ARS établissements Publics de santé dotation globale", "sph": "1", "libsph": "Etab.public de santé", "coordx": 1003365.8, "coordy": 6844549.1, "dateautor": "1901-01-01", "dateouvert": "1901-01-01", "cleabs": "COMMUNE_0000000000057003", "nom_offici": "Abreschviller", "nom_offi_1": "ABRESCHVILLER", "code_insee": "57003", "superficie": 4130, "typo_urb_r": "rural sous faible influence d'un pôle", "code_urb_r": 3, "REG": 44, "Région": "Grand Est", "DEP": 57, "CODCOM": 3, "Commune": "Abreschviller", "PTOT": 1457 }, "geometry": { "type": "Point", "coordinates": [ 7.118486816742684, 48.629909154509548 ] } },
{ "type": "Feature", "properties": { "rs": "HOPITAL DE CHATEAU-SALINS - SOS SANTE", "numvoie": 40, "typvoie": "R", "voie": "DE METZ", "compvoie": null, "lieuditbp": "BP 3", "region": 44, "libregion": "GRAND EST", "departemen": "57", "libdeparte": "MOSELLE", "cog": "57132", "codepostal": 57170, "libelle_ro": "CHATEAU SALINS", "telephone": "03 87 05 54 54", "libcateget": "Etab.Soins Médicaux", "liblongcat": "Etablissement de Soins Médicaux", "libcategre": "Soins Courte Durée", "libcodeape": "Activités hospitalières", "mft": 4, "libmft": "ARS / DG PSPH", "liblongmft": "ARS établissements PSPH dotation globale", "sph": "6", "libsph": "ESPIC", "coordx": 957315.6, "coordy": 6864072.1, "dateautor": "1901-01-01", "dateouvert": "1901-01-01", "cleabs": "COMMUNE_0000000000057132", "nom_offici": "Château-Salins", "nom_offi_1": "CHATEAU-SALINS", "code_insee": "57132", "superficie": 1080, "typo_urb_r": "rural autonome peu dense", "code_urb_r": 1, "REG": 44, "Région": "Grand Est", "DEP": 57, "CODCOM": 132, "Commune": "Château-Salins", "PTOT": 2532 }, "geometry": { "type": "Point", "coordinates": [ 6.505962376156353, 48.82528897796152 ] } },
{ "type": "Feature", "properties": { "rs": "HOPITAL ST FRANCOIS - MARANGE-SILVANGE", "numvoie": 62, "typvoie": "R", "voie": "ST FRANCOIS", "compvoie": null, "lieuditbp": null, "region": 44, "libregion": "GRAND EST", "departemen": "57", "libdeparte": "MOSELLE", "cog": "57443", "codepostal": 57535, "libelle_ro": "MARANGE SILVANGE", "telephone": "03 87 70 90 00", "libcateget": "Etab.Soins Pluridis.", "liblongcat": "Etablissement de Soins Pluridisciplinaire", "libcategre": "Soins Courte Durée", "libcodeape": "Activités hospitalières", "mft": 4, "libmft": "ARS / DG PSPH", "liblongmft": "ARS établissements PSPH dotation globale", "sph": "6", "libsph": "ESPIC", "coordx": 928541.2, "coordy": 6907699.6, "dateautor": "1935-01-01", "dateouvert": "1935-01-01", "cleabs": "COMMUNE_0000000000057443", "nom_offici": "Marange-Silvange", "nom_offi_1": "MARANGE-SILVANGE", "code_insee": "57443", "superficie": 1520, "typo_urb_r": "urbain densité intermédiaire", "code_urb_r": 5, "REG": 44, "Région": "Grand Est", "DEP": 57, "CODCOM": 443, "Commune": "Marange-Silvange", "PTOT": 6573 }, "geometry": { "type": "Point", "coordinates": [ 6.137952500171433, 49.228113144043824 ] } },
{ "type": "Feature", "properties": { "rs": "HOPITAL-CLINIQUE CLAUDE BERNARD", "numvoie": 97, "typvoie": "R", "voie": "CLAUDE BERNARD", "compvoie": null, "lieuditbp": "BP 45050", "region": 44, "libregion": "GRAND EST", "departemen": "57", "libdeparte": "MOSELLE", "cog": "57463", "codepostal": 57072, "libelle_ro": "METZ CEDEX 03", "telephone": "08 26 30 66 66", "libcateget": "Etab.Soins Pluridis.", "liblongcat": "Etablissement de Soins Pluridisciplinaire", "libcategre": "Soins Courte Durée", "libcodeape": "Activités hospitalières", "mft": 7, "libmft": "ARS / san pr non DG", "liblongmft": "ARS établissements de santé non financés dotation globale", "sph": "0", "libsph": "Non concerné", "coordx": 934367.1, "coordy": 6895337.9, "dateautor": "1968-02-19", "dateouvert": "1968-02-19", "cleabs": "COMMUNE_0000000000057463", "nom_offici": "Metz", "nom_offi_1": "METZ", "code_insee": "57463", "superficie": 4190, "typo_urb_r": "urbain dense", "code_urb_r": 6, "REG": 44, "Région": "Grand Est", "DEP": 57, "CODCOM": 463, "Commune": "Metz", "PTOT": 123532 }, "geometry": { "type": "Point", "coordinates": [ 6.210958772264128, 49.114959747190859 ] } },
{ "type": "Feature", "properties": { "rs": "HOPITAL SAINT JOSEPH DE BITCHE", "numvoie": 1, "typvoie": "R", "voie": "DE LEBACH", "compvoie": null, "lieuditbp": "BP 70", "region": 44, "libregion": "GRAND EST", "departemen": "57", "libdeparte": "MOSELLE", "cog": "57089", "codepostal": 57233, "libelle_ro": "BITCHE CEDEX", "telephone": "03 87 98 76 00", "libcateget": "C.H.", "liblongcat": "Centre Hospitalier (C.H.)", "libcategre": "Centres Hospitaliers", "libcodeape": "Activités hospitalières", "mft": 3, "libmft": "ARS / DG EPS", "liblongmft": "ARS établissements Publics de santé dotation globale", "sph": "1", "libsph": "Etab.public de santé", "coordx": 1023127.6, "coordy": 6892051.0, "dateautor": "1901-01-01", "dateouvert": "1901-01-01", "cleabs": "COMMUNE_0000000000057089", "nom_offici": "Bitche", "nom_offi_1": "BITCHE", "code_insee": "57089", "superficie": 4110, "typo_urb_r": "rural autonome peu dense", "code_urb_r": 1, "REG": 44, "Région": "Grand Est", "DEP": 57, "CODCOM": 89, "Commune": "Bitche", "PTOT": 5000 }, "geometry": { "type": "Point", "coordinates": [ 7.422312899222509, 49.046878951401602 ] } },
{ "type": "Feature", "properties": { "rs": "CH LEMIRE DE SAINT-AVOLD", "numvoie": 7, "typvoie": "R", "voie": "LEMIRE", "compvoie": null, "lieuditbp": "BP 31011", "region": 44, "libregion": "GRAND EST", "departemen": "57", "libdeparte": "MOSELLE", "cog": "57606", "codepostal": 57501, "libelle_ro": "ST AVOLD CEDEX", "telephone": "03 87 29 50 00", "libcateget": "C.H.", "liblongcat": "Centre Hospitalier (C.H.)", "libcategre": "Centres Hospitaliers", "libcodeape": "Activités hospitalières", "mft": 3, "libmft": "ARS / DG EPS", "liblongmft": "ARS établissements Publics de santé dotation globale", "sph": "1", "libsph": "Etab.public de santé", "coordx": 970544.9, "coordy": 6895081.1, "dateautor": "1901-01-01", "dateouvert": "1901-01-01", "cleabs": "COMMUNE_0000000000057606", "nom_offici": "Saint-Avold", "nom_offi_1": "SAINT-AVOLD", "code_insee": "57606", "superficie": 3550, "typo_urb_r": "urbain densité intermédiaire", "code_urb_r": 5, "REG": 44, "Région": "Grand Est", "DEP": 57, "CODCOM": 606, "Commune": "Saint-Avold", "PTOT": 15114 }, "geometry": { "type": "Point", "coordinates": [ 6.705770669712342, 49.09841113261686 ] } },
{ "type": "Feature", "properties": { "rs": "HOPITAL ROBERT PAX DE SARREGUEMINES", "numvoie": 2, "typvoie": "R", "voie": "RENE FRANCOIS-JOLLY", "compvoie": null, "lieuditbp": "BP 50025", "region": 44, "libregion": "GRAND EST", "departemen": "57", "libdeparte": "MOSELLE", "cog": "57631", "codepostal": 57211, "libelle_ro": "SARREGUEMINES CEDEX", "telephone": "03 87 27 33 10", "libcateget": "C.H.", "liblongcat": "Centre Hospitalier (C.H.)", "libcategre": "Centres Hospitaliers", "libcodeape": "Activités hospitalières", "mft": 3, "libmft": "ARS / DG EPS", "liblongmft": "ARS établissements Publics de santé dotation globale", "sph": "1", "libsph": "Etab.public de santé", "coordx": 999028.6, "coordy": 6896836.9, "dateautor": "1901-01-01", "dateouvert": "2009-03-01", "cleabs": "COMMUNE_0000000000057631", "nom_offici": "Sarreguemines", "nom_offi_1": "SARREGUEMINES", "code_insee": "57631", "superficie": 2970, "typo_urb_r": "urbain densité intermédiaire", "code_urb_r": 5, "REG": 44, "Région": "Grand Est", "DEP": 57, "CODCOM": 631, "Commune": "Sarreguemines", "PTOT": 20761 }, "geometry": { "type": "Point", "coordinates": [ 7.096504582075952, 49.101531017847392 ] } },
{ "type": "Feature", "properties": { "rs": "CLINIQUE STE ELISABETH DE YUTZ", "numvoie": 2, "typvoie": "AV", "voie": "JULIEN ABSALON", "compvoie": null, "lieuditbp": "BP 90139", "region": 44, "libregion": "GRAND EST", "departemen": "57", "libdeparte": "MOSELLE", "cog": "57757", "codepostal": 57974, "libelle_ro": "YUTZ CEDEX", "telephone": "03 82 82 45 00", "libcateget": "Etab.Soins Médicaux", "liblongcat": "Etablissement de Soins Médicaux", "libcategre": "Soins Courte Durée", "libcodeape": "Activités hospitalières", "mft": 4, "libmft": "ARS / DG PSPH", "liblongmft": "ARS établissements PSPH dotation globale", "sph": "6", "libsph": "ESPIC", "coordx": 932374.2, "coordy": 6921456.2, "dateautor": "1908-01-01", "dateouvert": "1908-01-01", "cleabs": "COMMUNE_0000000000057757", "nom_offici": "Yutz", "nom_offi_1": "YUTZ", "code_insee": "57757", "superficie": 1400, "typo_urb_r": "urbain densité intermédiaire", "code_urb_r": 5, "REG": 44, "Région": "Grand Est", "DEP": 57, "CODCOM": 757, "Commune": "Yutz", "PTOT": 17793 }, "geometry": { "type": "Point", "coordinates": [ 6.1981700811236, 49.350295652063352 ] } },
{ "type": "Feature", "properties": { "rs": "CH LE SECQ DE CREPY DE BOULAY", "numvoie": 1, "typvoie": "R", "voie": "DE L'HOPITAL", "compvoie": null, "lieuditbp": "BP 73", "region": 44, "libregion": "GRAND EST", "departemen": "57", "libdeparte": "MOSELLE", "cog": "57097", "codepostal": 57220, "libelle_ro": "BOULAY", "telephone": "03 87 79 40 00", "libcateget": "C.H.", "liblongcat": "Centre Hospitalier (C.H.)", "libcategre": "Centres Hospitaliers", "libcodeape": "Activités hospitalières", "mft": 3, "libmft": "ARS / DG EPS", "liblongmft": "ARS établissements Publics de santé dotation globale", "sph": "1", "libsph": "Etab.public de santé", "coordx": 955165.1, "coordy": 6903863.2, "dateautor": "1901-01-01", "dateouvert": "1901-01-01", "cleabs": "COMMUNE_0000000000057097", "nom_offici": "Boulay-Moselle", "nom_offi_1": "BOULAY-MOSELLE", "code_insee": "57097", "superficie": 1960, "typo_urb_r": "rural sous faible influence d'un pôle", "code_urb_r": 3, "REG": 44, "Région": "Grand Est", "DEP": 57, "CODCOM": 97, "Commune": "Boulay-Moselle", "PTOT": 5541 }, "geometry": { "type": "Point", "coordinates": [ 6.5007202295018, 49.183594720526912 ] } },
{ "type": "Feature", "properties": { "rs": "HOPITAL SAINT JACQUES DE DIEUZE", "numvoie": 21, "typvoie": "RTE", "voie": "DE LOUDREFING", "compvoie": null, "lieuditbp": null, "region": 44, "libregion": "GRAND EST", "departemen": "57", "libdeparte": "MOSELLE", "cog": "57177", "codepostal": 57260, "libelle_ro": "DIEUZE", "telephone": "03 87 05 02 00", "libcateget": "C.H. (ex H.L.)", "liblongcat": "Centre hospitalier, ex Hôpital local", "libcategre": "Hôpitaux Locaux", "libcodeape": "Activités hospitalières", "mft": 3, "libmft": "ARS / DG EPS", "liblongmft": "ARS établissements Publics de santé dotation globale", "sph": "1", "libsph": "Etab.public de santé", "coordx": 973341.4, "coordy": 6863524.3, "dateautor": "1951-01-01", "dateouvert": "1951-01-01", "cleabs": "COMMUNE_0000000000057177", "nom_offici": "Dieuze", "nom_offi_1": "DIEUZE", "code_insee": "57177", "superficie": 930, "typo_urb_r": "rural autonome peu dense", "code_urb_r": 1, "REG": 44, "Région": "Grand Est", "DEP": 57, "CODCOM": 177, "Commune": "Dieuze", "PTOT": 2977 }, "geometry": { "type": "Point", "coordinates": [ 6.723650373297471, 48.81377177697567 ] } },
{ "type": "Feature", "properties": { "rs": "HOPITAL BELLE-ISLE DE METZ - HPM", "numvoie": 2, "typvoie": "R", "voie": "BELLE-ISLE", "compvoie": null, "lieuditbp": null, "region": 44, "libregion": "GRAND EST", "departemen": "57", "libdeparte": "MOSELLE", "cog": "57463", "codepostal": 57000, "libelle_ro": "METZ", "telephone": "03 87 34 10 00", "libcateget": "Etab.Soins Pluridis.", "liblongcat": "Etablissement de Soins Pluridisciplinaire", "libcategre": "Soins Courte Durée", "libcodeape": "Activités hospitalières", "mft": 4, "libmft": "ARS / DG PSPH", "liblongmft": "ARS établissements PSPH dotation globale", "sph": "6", "libsph": "ESPIC", "coordx": 931440.5, "coordy": 6896156.0, "dateautor": "1901-01-01", "dateouvert": "1901-01-01", "cleabs": "COMMUNE_0000000000057463", "nom_offici": "Metz", "nom_offi_1": "METZ", "code_insee": "57463", "superficie": 4190, "typo_urb_r": "urbain dense", "code_urb_r": 6, "REG": 44, "Région": "Grand Est", "DEP": 57, "CODCOM": 463, "Commune": "Metz", "PTOT": 123532 }, "geometry": { "type": "Point", "coordinates": [ 6.171356025122135, 49.123372379780157 ] } },
{ "type": "Feature", "properties": { "rs": "CENTRE DE GERIATRIE LE KEM - SOS SANTE", "numvoie": 129, "typvoie": "RTE", "voie": "DE GUENTRANGE", "compvoie": null, "lieuditbp": null, "region": 44, "libregion": "GRAND EST", "departemen": "57", "libdeparte": "MOSELLE", "cog": "57672", "codepostal": 57100, "libelle_ro": "THIONVILLE", "telephone": "03 87 54 98 98", "libcateget": "Etab.Soins Pluridis.", "liblongcat": "Etablissement de Soins Pluridisciplinaire", "libcategre": "Soins Courte Durée", "libcodeape": "Activités hospitalières", "mft": 4, "libmft": "ARS / DG PSPH", "liblongmft": "ARS établissements PSPH dotation globale", "sph": "6", "libsph": "ESPIC", "coordx": 928474.4, "coordy": 6922671.9, "dateautor": "2001-01-16", "dateouvert": "2003-01-06", "cleabs": "COMMUNE_0000000000057672", "nom_offici": "Thionville", "nom_offi_1": "THIONVILLE", "code_insee": "57672", "superficie": 4990, "typo_urb_r": "urbain densité intermédiaire", "code_urb_r": 5, "REG": 44, "Région": "Grand Est", "DEP": 57, "CODCOM": 672, "Commune": "Thionville", "PTOT": 43492 }, "geometry": { "type": "Point", "coordinates": [ 6.145220393495892, 49.362622188545309 ] } },
{ "type": "Feature", "properties": { "rs": "CENTRE FELIX MARECHAL DE METZ - CHR", "numvoie": 1, "typvoie": "R", "voie": "XAVIER ROUSSEL", "compvoie": null, "lieuditbp": null, "region": 44, "libregion": "GRAND EST", "departemen": "57", "libdeparte": "MOSELLE", "cog": "57463", "codepostal": 57000, "libelle_ro": "METZ", "telephone": "03 87 55 78 00", "libcateget": "C.H.R.", "liblongcat": "Centre Hospitalier Régional (C.H.R.)", "libcategre": "C.H.R.", "libcodeape": "Activités hospitalières", "mft": 3, "libmft": "ARS / DG EPS", "liblongmft": "ARS établissements Publics de santé dotation globale", "sph": "1", "libsph": "Etab.public de santé", "coordx": 928992.9, "coordy": 6896779.9, "dateautor": "1977-04-01", "dateouvert": "1977-04-01", "cleabs": "COMMUNE_0000000000057463", "nom_offici": "Metz", "nom_offi_1": "METZ", "code_insee": "57463", "superficie": 4190, "typo_urb_r": "urbain dense", "code_urb_r": 6, "REG": 44, "Région": "Grand Est", "DEP": 57, "CODCOM": 463, "Commune": "Metz", "PTOT": 123532 }, "geometry": { "type": "Point", "coordinates": [ 6.138192412163043, 49.129856312367224 ] } },
{ "type": "Feature", "properties": { "rs": "HOPITAL ST MAURICE ASSPO", "numvoie": null, "typvoie": "AV", "voie": "MAURICE THOREZ", "compvoie": null, "lieuditbp": null, "region": 44, "libregion": "GRAND EST", "departemen": "57", "libdeparte": "MOSELLE", "cog": "57491", "codepostal": 57250, "libelle_ro": "MOYEUVRE GRANDE", "telephone": "03 87 70 94 94", "libcateget": "Etab.Soins Pluridis.", "liblongcat": "Etablissement de Soins Pluridisciplinaire", "libcategre": "Soins Courte Durée", "libcodeape": "Activités hospitalières", "mft": 4, "libmft": "ARS / DG PSPH", "liblongmft": "ARS établissements PSPH dotation globale", "sph": "6", "libsph": "ESPIC", "coordx": 921785.3, "coordy": 6910025.3, "dateautor": "1907-01-01", "dateouvert": "1907-01-01", "cleabs": "COMMUNE_0000000000057491", "nom_offici": "Moyeuvre-Grande", "nom_offi_1": "MOYEUVRE-GRANDE", "code_insee": "57491", "superficie": 960, "typo_urb_r": "urbain densité intermédiaire", "code_urb_r": 5, "REG": 44, "Région": "Grand Est", "DEP": 57, "CODCOM": 491, "Commune": "Moyeuvre-Grande", "PTOT": 7380 }, "geometry": { "type": "Point", "coordinates": [ 6.046516372636384, 49.25138273778461 ] } },
{ "type": "Feature", "properties": { "rs": "CMS DE GORZE", "numvoie": 163, "typvoie": "R", "voie": "DE LA MEUSE", "compvoie": null, "lieuditbp": "CS 90080 - GORZE", "region": 44, "libregion": "GRAND EST", "departemen": "57", "libdeparte": "MOSELLE", "cog": "57254", "codepostal": 57133, "libelle_ro": "ARS SUR MOSELLE CEDEX", "telephone": "03 87 38 53 00", "libcateget": "C.H.", "liblongcat": "Centre Hospitalier (C.H.)", "libcategre": "Centres Hospitaliers", "libcodeape": "Activités hospitalières", "mft": 3, "libmft": "ARS / DG EPS", "liblongmft": "ARS établissements Publics de santé dotation globale", "sph": "1", "libsph": "Etab.public de santé", "coordx": 918925.9, "coordy": 6887970.7, "dateautor": "2003-06-17", "dateouvert": "2004-09-01", "cleabs": "COMMUNE_0000000000057254", "nom_offici": "Gorze", "nom_offi_1": "GORZE", "code_insee": "57254", "superficie": 1790, "typo_urb_r": "rural sous faible influence d'un pôle", "code_urb_r": 3, "REG": 44, "Région": "Grand Est", "DEP": 57, "CODCOM": 254, "Commune": "Gorze", "PTOT": 1146 }, "geometry": { "type": "Point", "coordinates": [ 5.995788598189654, 49.054225349214292 ] } },
{ "type": "Feature", "properties": { "rs": "HOPITAL ROBERT SCHUMAN DE VANTOUX -HPM", "numvoie": null, "typvoie": "R", "voie": "DU CHAMP MONTOY", "compvoie": null, "lieuditbp": null, "region": 44, "libregion": "GRAND EST", "departemen": "57", "libdeparte": "MOSELLE", "cog": "57693", "codepostal": 57070, "libelle_ro": "VANTOUX", "telephone": "03 57 84 28 00", "libcateget": "Etab.Soins Pluridis.", "liblongcat": "Etablissement de Soins Pluridisciplinaire", "libcategre": "Soins Courte Durée", "libcodeape": null, "mft": 4, "libmft": "ARS / DG PSPH", "liblongmft": "ARS établissements PSPH dotation globale", "sph": "6", "libsph": "ESPIC", "coordx": 936474.8, "coordy": 6896338.7, "dateautor": "2008-06-17", "dateouvert": "2013-03-04", "cleabs": "COMMUNE_0000000000057693", "nom_offici": "Vantoux", "nom_offi_1": "VANTOUX", "code_insee": "57693", "superficie": 250, "typo_urb_r": "urbain densité intermédiaire", "code_urb_r": 5, "REG": 44, "Région": "Grand Est", "DEP": 57, "CODCOM": 693, "Commune": "Vantoux", "PTOT": 832 }, "geometry": { "type": "Point", "coordinates": [ 6.240365529025905, 49.123176502910248 ] } },
{ "type": "Feature", "properties": { "rs": "HOPITAL DE MERCY - CHR METZ THIONVILLE", "numvoie": 1, "typvoie": "ALL", "voie": "DU CHATEAU", "compvoie": null, "lieuditbp": "CS 45001 ARS-LAQUENEXY", "region": 44, "libregion": "GRAND EST", "departemen": "57", "libdeparte": "MOSELLE", "cog": "57031", "codepostal": 57085, "libelle_ro": "METZ CEDEX 03", "telephone": "03 87 55 31 31", "libcateget": "C.H.R.", "liblongcat": "Centre Hospitalier Régional (C.H.R.)", "libcategre": "C.H.R.", "libcodeape": "Activités hospitalières", "mft": 3, "libmft": "ARS / DG EPS", "liblongmft": "ARS établissements Publics de santé dotation globale", "sph": "1", "libsph": "Etab.public de santé", "coordx": 936803.9, "coordy": 6892025.0, "dateautor": "2012-05-24", "dateouvert": "2012-09-19", "cleabs": "COMMUNE_0000000000057031", "nom_offici": "Ars-Laquenexy", "nom_offi_1": "ARS-LAQUENEXY", "code_insee": "57031", "superficie": 620, "typo_urb_r": "rural sous forte influence d'un pôle", "code_urb_r": 4, "REG": 44, "Région": "Grand Est", "DEP": 57, "CODCOM": 31, "Commune": "Ars-Laquenexy", "PTOT": 955 }, "geometry": { "type": "Point", "coordinates": [ 6.242444186019279, 49.084302749938239 ] } },
{ "type": "Feature", "properties": { "rs": "CHR METZ-THIONVILLE SITE LEGOUEST", "numvoie": 27, "typvoie": "AV", "voie": "DE PLANTIERES", "compvoie": null, "lieuditbp": "BP 90001", "region": 44, "libregion": "GRAND EST", "departemen": "57", "libdeparte": "MOSELLE", "cog": "57463", "codepostal": 57077, "libelle_ro": "METZ CEDEX 03", "telephone": "03 87 56 47 41", "libcateget": "C.H.R.", "liblongcat": "Centre Hospitalier Régional (C.H.R.)", "libcategre": "C.H.R.", "libcodeape": "Activités hospitalières", "mft": 3, "libmft": "ARS / DG EPS", "liblongmft": "ARS établissements Publics de santé dotation globale", "sph": "1", "libsph": "Etab.public de santé", "coordx": 933011.6, "coordy": 6894933.6, "dateautor": "2021-04-29", "dateouvert": "2021-09-20", "cleabs": "COMMUNE_0000000000057463", "nom_offici": "Metz", "nom_offi_1": "METZ", "code_insee": "57463", "superficie": 4190, "typo_urb_r": "urbain dense", "code_urb_r": 6, "REG": 44, "Région": "Grand Est", "DEP": 57, "CODCOM": 463, "Commune": "Metz", "PTOT": 123532 }, "geometry": { "type": "Point", "coordinates": [ 6.19218415439892, 49.111821665699253 ] } },
{ "type": "Feature", "properties": { "rs": "HOPITAL CIVIL / NOUVEL HOPITAL CIVIL", "numvoie": 1, "typvoie": "PL", "voie": "DE L'HOPITAL", "compvoie": null, "lieuditbp": "BP 426", "region": 44, "libregion": "GRAND EST", "departemen": "67", "libdeparte": "BAS RHIN", "cog": "67482", "codepostal": 67091, "libelle_ro": "STRASBOURG CEDEX", "telephone": "03 88 11 67 68", "libcateget": "C.H.R.", "liblongcat": "Centre Hospitalier Régional (C.H.R.)", "libcategre": "C.H.R.", "libcodeape": "Activités hospitalières", "mft": 3, "libmft": "ARS / DG EPS", "liblongmft": "ARS établissements Publics de santé dotation globale", "sph": "1", "libsph": "Etab.public de santé", "coordx": 1050108.2, "coordy": 6841313.4, "dateautor": "1904-04-04", "dateouvert": "1904-04-04", "cleabs": "COMMUNE_0000000000067482", "nom_offici": "Strasbourg", "nom_offi_1": "STRASBOURG", "code_insee": "67482", "superficie": 7830, "typo_urb_r": "urbain dense", "code_urb_r": 6, "REG": 44, "Région": "Grand Est", "DEP": 67, "CODCOM": 482, "Commune": "Strasbourg", "PTOT": 294564 }, "geometry": { "type": "Point", "coordinates": [ 7.748993610150357, 48.577252772835365 ] } },
{ "type": "Feature", "properties": { "rs": "HOPITAL LA GRAFENBOURG", "numvoie": 7, "typvoie": "R", "voie": "ALEXANDRE MILLERAND", "compvoie": null, "lieuditbp": "BP 26", "region": 44, "libregion": "GRAND EST", "departemen": "67", "libdeparte": "BAS RHIN", "cog": "67067", "codepostal": 67171, "libelle_ro": "BRUMATH CEDEX", "telephone": "03 90 29 16 00", "libcateget": "C.H.", "liblongcat": "Centre Hospitalier (C.H.)", "libcategre": "Centres Hospitaliers", "libcodeape": "Activités hospitalières", "mft": 3, "libmft": "ARS / DG EPS", "liblongmft": "ARS établissements Publics de santé dotation globale", "sph": "1", "libsph": "Etab.public de santé", "coordx": 1046984.1, "coordy": 6858008.4, "dateautor": "1901-01-01", "dateouvert": "1901-01-01", "cleabs": "COMMUNE_0000000000067067", "nom_offici": "Brumath", "nom_offi_1": "BRUMATH", "code_insee": "67067", "superficie": 2950, "typo_urb_r": "urbain densité intermédiaire", "code_urb_r": 5, "REG": 44, "Région": "Grand Est", "DEP": 67, "CODCOM": 67, "Commune": "Brumath", "PTOT": 10474 }, "geometry": { "type": "Point", "coordinates": [ 7.720239372101833, 48.728834944420846 ] } },
{ "type": "Feature", "properties": { "rs": "CENTRE HOSPITALIER DE HAGUENAU", "numvoie": 64, "typvoie": "AV", "voie": "DU PROFESSEUR RENE LERICHE", "compvoie": null, "lieuditbp": "BP 40252", "region": 44, "libregion": "GRAND EST", "departemen": "67", "libdeparte": "BAS RHIN", "cog": "67180", "codepostal": 67504, "libelle_ro": "HAGUENAU CEDEX", "telephone": "03 88 06 33 33", "libcateget": "C.H.", "liblongcat": "Centre Hospitalier (C.H.)", "libcategre": "Centres Hospitaliers", "libcodeape": "Activités hospitalières", "mft": 3, "libmft": "ARS / DG EPS", "liblongmft": "ARS établissements Publics de santé dotation globale", "sph": "1", "libsph": "Etab.public de santé", "coordx": 1050837.0, "coordy": 6866010.6, "dateautor": "1901-01-01", "dateouvert": "1901-01-01", "cleabs": "COMMUNE_0000000000067180", "nom_offici": "Haguenau", "nom_offi_1": "HAGUENAU", "code_insee": "67180", "superficie": 18260, "typo_urb_r": "urbain densité intermédiaire", "code_urb_r": 5, "REG": 44, "Région": "Grand Est", "DEP": 67, "CODCOM": 180, "Commune": "Haguenau", "PTOT": 36568 }, "geometry": { "type": "Point", "coordinates": [ 7.77910624449694, 48.798593017933172 ] } },
{ "type": "Feature", "properties": { "rs": "CH SAINTE-CATHERINE DE SAVERNE", "numvoie": 19, "typvoie": "COTE", "voie": "DE SAVERNE", "compvoie": null, "lieuditbp": "BP 20105", "region": 44, "libregion": "GRAND EST", "departemen": "67", "libdeparte": "BAS RHIN", "cog": "67437", "codepostal": 67703, "libelle_ro": "SAVERNE CEDEX", "telephone": "03 88 71 67 67", "libcateget": "C.H.", "liblongcat": "Centre Hospitalier (C.H.)", "libcategre": "Centres Hospitaliers", "libcodeape": "Activités hospitalières", "mft": 3, "libmft": "ARS / DG EPS", "liblongmft": "ARS établissements Publics de santé dotation globale", "sph": "1", "libsph": "Etab.public de santé", "coordx": 1019781.6, "coordy": 6858495.4, "dateautor": "1901-01-01", "dateouvert": "1901-01-01", "cleabs": "COMMUNE_0000000000067437", "nom_offici": "Saverne", "nom_offi_1": "SAVERNE", "code_insee": "67437", "superficie": 2600, "typo_urb_r": "urbain densité intermédiaire", "code_urb_r": 5, "REG": 44, "Région": "Grand Est", "DEP": 67, "CODCOM": 437, "Commune": "Saverne", "PTOT": 11563 }, "geometry": { "type": "Point", "coordinates": [ 7.351332017231285, 48.747254218353085 ] } },
{ "type": "Feature", "properties": { "rs": "HOPITAL DU NEUENBERG", "numvoie": 38, "typvoie": "R", "voie": "DU PASTEUR HERRMANN", "compvoie": null, "lieuditbp": null, "region": 44, "libregion": "GRAND EST", "departemen": "67", "libdeparte": "BAS RHIN", "cog": "67222", "codepostal": 67340, "libelle_ro": "INGWILLER", "telephone": "03 88 71 70 00", "libcateget": "Etab.Soins Pluridis.", "liblongcat": "Etablissement de Soins Pluridisciplinaire", "libcategre": "Soins Courte Durée", "libcodeape": "Activités hospitalières", "mft": 4, "libmft": "ARS / DG PSPH", "liblongmft": "ARS établissements PSPH dotation globale", "sph": "6", "libsph": "ESPIC", "coordx": 1028705.3, "coordy": 6872870.0, "dateautor": "1901-01-01", "dateouvert": "1901-01-01", "cleabs": "COMMUNE_0000000000067222", "nom_offici": "Ingwiller", "nom_offi_1": "INGWILLER", "code_insee": "67222", "superficie": 1800, "typo_urb_r": "rural sous faible influence d'un pôle", "code_urb_r": 3, "REG": 44, "Région": "Grand Est", "DEP": 67, "CODCOM": 222, "Commune": "Ingwiller", "PTOT": 4032 }, "geometry": { "type": "Point", "coordinates": [ 7.483596341750687, 48.871843708844082 ] } },
{ "type": "Feature", "properties": { "rs": "CH INTERCOMMUNAL DE LA LAUTER", "numvoie": 24, "typvoie": "RTE", "voie": "DE WEILER", "compvoie": null, "lieuditbp": "BP 20003", "region": 44, "libregion": "GRAND EST", "departemen": "67", "libdeparte": "BAS RHIN", "cog": "67544", "codepostal": 67166, "libelle_ro": "WISSEMBOURG CEDEX", "telephone": "03 88 54 11 11", "libcateget": "C.H.", "liblongcat": "Centre Hospitalier (C.H.)", "libcategre": "Centres Hospitaliers", "libcodeape": "Activités hospitalières", "mft": 3, "libmft": "ARS / DG EPS", "liblongmft": "ARS établissements Publics de santé dotation globale", "sph": "1", "libsph": "Etab.public de santé", "coordx": 1060467.2, "coordy": 6893529.2, "dateautor": "1901-01-01", "dateouvert": "1901-01-01", "cleabs": "COMMUNE_0000000000067544", "nom_offici": "Wissembourg", "nom_offi_1": "WISSEMBOURG", "code_insee": "67544", "superficie": 4820, "typo_urb_r": "urbain densité intermédiaire", "code_urb_r": 5, "REG": 44, "Région": "Grand Est", "DEP": 67, "CODCOM": 544, "Commune": "Wissembourg", "PTOT": 7725 }, "geometry": { "type": "Point", "coordinates": [ 7.933343746265546, 49.040268792000738 ] } },
{ "type": "Feature", "properties": { "rs": "CENTRE HOSPITALIER DÉPARTEMENTAL", "numvoie": 17, "typvoie": "RTE", "voie": "DE STRASBOURG", "compvoie": null, "lieuditbp": "BP 90 007", "region": 44, "libregion": "GRAND EST", "departemen": "67", "libdeparte": "BAS RHIN", "cog": "67046", "codepostal": 67241, "libelle_ro": "BISCHWILLER CEDEX", "telephone": "03 88 80 22 22", "libcateget": "C.H.", "liblongcat": "Centre Hospitalier (C.H.)", "libcategre": "Centres Hospitaliers", "libcodeape": "Activités hospitalières", "mft": 3, "libmft": "ARS / DG EPS", "liblongmft": "ARS établissements Publics de santé dotation globale", "sph": "1", "libsph": "Etab.public de santé", "coordx": 1056760.2, "coordy": 6862024.9, "dateautor": "1901-01-01", "dateouvert": "1901-01-01", "cleabs": "COMMUNE_0000000000067046", "nom_offici": "Bischwiller", "nom_offi_1": "BISCHWILLER", "code_insee": "67046", "superficie": 1720, "typo_urb_r": "urbain densité intermédiaire", "code_urb_r": 5, "REG": 44, "Région": "Grand Est", "DEP": 67, "CODCOM": 46, "Commune": "Bischwiller", "PTOT": 12352 }, "geometry": { "type": "Point", "coordinates": [ 7.856255526203485, 48.759564766078825 ] } },
{ "type": "Feature", "properties": { "rs": "HOPITAL LOCAL DE MOLSHEIM", "numvoie": 5, "typvoie": "COUR", "voie": "DES CHARTREUX", "compvoie": null, "lieuditbp": "BP 161", "region": 44, "libregion": "GRAND EST", "departemen": "67", "libdeparte": "BAS RHIN", "cog": "67300", "codepostal": 67120, "libelle_ro": "MOLSHEIM", "telephone": "03 88 49 70 70", "libcateget": "C.H.", "liblongcat": "Centre Hospitalier (C.H.)", "libcategre": "Centres Hospitaliers", "libcodeape": "Activités hospitalières", "mft": 3, "libmft": "ARS / DG EPS", "liblongmft": "ARS établissements Publics de santé dotation globale", "sph": "1", "libsph": "Etab.public de santé", "coordx": 1031215.4, "coordy": 6836349.0, "dateautor": "1901-01-01", "dateouvert": "1901-01-01", "cleabs": "COMMUNE_0000000000067300", "nom_offici": "Molsheim", "nom_offi_1": "MOLSHEIM", "code_insee": "67300", "superficie": 1080, "typo_urb_r": "urbain densité intermédiaire", "code_urb_r": 5, "REG": 44, "Région": "Grand Est", "DEP": 67, "CODCOM": 300, "Commune": "Molsheim", "PTOT": 9452 }, "geometry": { "type": "Point", "coordinates": [ 7.48946847816031, 48.54260816611324 ] } },
{ "type": "Feature", "properties": { "rs": "HOPITAL LOCAL DE ROSHEIM", "numvoie": 14, "typvoie": "R", "voie": "DU GENERAL DE GAULLE", "compvoie": null, "lieuditbp": null, "region": 44, "libregion": "GRAND EST", "departemen": "67", "libdeparte": "BAS RHIN", "cog": "67411", "codepostal": 67560, "libelle_ro": "ROSHEIM", "telephone": "03 88 50 40 50", "libcateget": "C.H.", "liblongcat": "Centre Hospitalier (C.H.)", "libcategre": "Centres Hospitaliers", "libcodeape": "Activités hospitalières", "mft": 3, "libmft": "ARS / DG EPS", "liblongmft": "ARS établissements Publics de santé dotation globale", "sph": "1", "libsph": "Etab.public de santé", "coordx": 1029553.2, "coordy": 6830936.5, "dateautor": "1901-01-01", "dateouvert": "1901-01-01", "cleabs": "COMMUNE_0000000000067411", "nom_offici": "Rosheim", "nom_offi_1": "ROSHEIM", "code_insee": "67411", "superficie": 2960, "typo_urb_r": "urbain densité intermédiaire", "code_urb_r": 5, "REG": 44, "Région": "Grand Est", "DEP": 67, "CODCOM": 411, "Commune": "Rosheim", "PTOT": 5494 }, "geometry": { "type": "Point", "coordinates": [ 7.462844252447192, 48.494843876534368 ] } },
{ "type": "Feature", "properties": { "rs": "CENTRE HOSPITALIER DE SELESTAT", "numvoie": 23, "typvoie": "AV", "voie": "LOUIS PASTEUR", "compvoie": null, "lieuditbp": "BP 30248", "region": 44, "libregion": "GRAND EST", "departemen": "67", "libdeparte": "BAS RHIN", "cog": "67462", "codepostal": 67606, "libelle_ro": "SELESTAT CEDEX", "telephone": "03 88 57 55 55", "libcateget": "C.H.", "liblongcat": "Centre Hospitalier (C.H.)", "libcategre": "Centres Hospitaliers", "libcodeape": "Activités hospitalières", "mft": 3, "libmft": "ARS / DG EPS", "liblongmft": "ARS établissements Publics de santé dotation globale", "sph": "1", "libsph": "Etab.public de santé", "coordx": 1028919.6, "coordy": 6805049.0, "dateautor": "1948-03-23", "dateouvert": "1948-03-23", "cleabs": "COMMUNE_0000000000067462", "nom_offici": "Sélestat", "nom_offi_1": "SELESTAT", "code_insee": "67462", "superficie": 4440, "typo_urb_r": "urbain densité intermédiaire", "code_urb_r": 5, "REG": 44, "Région": "Grand Est", "DEP": 67, "CODCOM": 462, "Commune": "Sélestat", "PTOT": 19748 }, "geometry": { "type": "Point", "coordinates": [ 7.434614437347962, 48.262631067722161 ] } },
{ "type": "Feature", "properties": { "rs": "NOUVEL HOPITAL D'OBERNAI", "numvoie": 3, "typvoie": "AV", "voie": "DU MAIRE GILLMANN", "compvoie": null, "lieuditbp": "BP 201", "region": 44, "libregion": "GRAND EST", "departemen": "67", "libdeparte": "BAS RHIN", "cog": "67348", "codepostal": 67211, "libelle_ro": "OBERNAI CEDEX", "telephone": "03 88 95 14 00", "libcateget": "C.H.", "liblongcat": "Centre Hospitalier (C.H.)", "libcategre": "Centres Hospitaliers", "libcodeape": "Activités hospitalières", "mft": 3, "libmft": "ARS / DG EPS", "liblongmft": "ARS établissements Publics de santé dotation globale", "sph": "1", "libsph": "Etab.public de santé", "coordx": 1031662.1, "coordy": 6826748.4, "dateautor": "1901-01-01", "dateouvert": "1901-01-01", "cleabs": "COMMUNE_0000000000067348", "nom_offici": "Obernai", "nom_offi_1": "OBERNAI", "code_insee": "67348", "superficie": 2570, "typo_urb_r": "urbain densité intermédiaire", "code_urb_r": 5, "REG": 44, "Région": "Grand Est", "DEP": 67, "CODCOM": 348, "Commune": "Obernai", "PTOT": 12737 }, "geometry": { "type": "Point", "coordinates": [ 7.488121708496629, 48.45615313383491 ] } },
{ "type": "Feature", "properties": { "rs": "HOPITAL LOCAL D'ERSTEIN", "numvoie": 12, "typvoie": "R", "voie": "BRULEE", "compvoie": null, "lieuditbp": null, "region": 44, "libregion": "GRAND EST", "departemen": "67", "libdeparte": "BAS RHIN", "cog": "67130", "codepostal": 67150, "libelle_ro": "ERSTEIN", "telephone": "03 88 64 66 46", "libcateget": "C.H.", "liblongcat": "Centre Hospitalier (C.H.)", "libcategre": "Centres Hospitaliers", "libcodeape": "Activités hospitalières", "mft": 3, "libmft": "ARS / DG EPS", "liblongmft": "ARS établissements Publics de santé dotation globale", "sph": "1", "libsph": "Etab.public de santé", "coordx": 1044612.0, "coordy": 6823690.4, "dateautor": "1901-01-01", "dateouvert": "1901-01-01", "cleabs": "COMMUNE_0000000000067130", "nom_offici": "Erstein", "nom_offi_1": "ERSTEIN", "code_insee": "67130", "superficie": 3620, "typo_urb_r": "urbain densité intermédiaire", "code_urb_r": 5, "REG": 44, "Région": "Grand Est", "DEP": 67, "CODCOM": 130, "Commune": "Erstein", "PTOT": 11193 }, "geometry": { "type": "Point", "coordinates": [ 7.660523621971845, 48.421943234230064 ] } },
{ "type": "Feature", "properties": { "rs": "CTRE AUTONOME D'ENDOSC DIGESTIVE AMBUL", "numvoie": 6, "typvoie": "R", "voie": "DES CIGOGNES", "compvoie": null, "lieuditbp": null, "region": 44, "libregion": "GRAND EST", "departemen": "67", "libdeparte": "BAS RHIN", "cog": "67482", "codepostal": 67000, "libelle_ro": "STRASBOURG", "telephone": "03 88 75 53 54", "libcateget": "Etab.Soins Médicaux", "liblongcat": "Etablissement de Soins Médicaux", "libcategre": "Soins Courte Durée", "libcodeape": null, "mft": 7, "libmft": "ARS / san pr non DG", "liblongmft": "ARS établissements de santé non financés dotation globale", "sph": "0", "libsph": "Non concerné", "coordx": 1049716.9, "coordy": 6842555.3, "dateautor": "1998-08-10", "dateouvert": "2000-02-21", "cleabs": "COMMUNE_0000000000067482", "nom_offici": "Strasbourg", "nom_offi_1": "STRASBOURG", "code_insee": "67482", "superficie": 7830, "typo_urb_r": "urbain dense", "code_urb_r": 6, "REG": 44, "Région": "Grand Est", "DEP": 67, "CODCOM": 482, "Commune": "Strasbourg", "PTOT": 294564 }, "geometry": { "type": "Point", "coordinates": [ 7.744709649825245, 48.588615350374376 ] } },
{ "type": "Feature", "properties": { "rs": "CLINIQUE RHENA ASSOCIATION", "numvoie": 10, "typvoie": "R", "voie": "FRANCOIS EPAILLY", "compvoie": null, "lieuditbp": null, "region": 44, "libregion": "GRAND EST", "departemen": "67", "libdeparte": "BAS RHIN", "cog": "67482", "codepostal": 67000, "libelle_ro": "STRASBOURG", "telephone": "03 90 67 43 62", "libcateget": "Etab.Soins Médicaux", "liblongcat": "Etablissement de Soins Médicaux", "libcategre": "Soins Courte Durée", "libcodeape": null, "mft": 4, "libmft": "ARS / DG PSPH", "liblongmft": "ARS établissements PSPH dotation globale", "sph": "6", "libsph": "ESPIC", "coordx": 1053441.8, "coordy": 6840852.0, "dateautor": "2014-06-26", "dateouvert": "2017-02-27", "cleabs": "COMMUNE_0000000000067482", "nom_offici": "Strasbourg", "nom_offi_1": "STRASBOURG", "code_insee": "67482", "superficie": 7830, "typo_urb_r": "urbain dense", "code_urb_r": 6, "REG": 44, "Région": "Grand Est", "DEP": 67, "CODCOM": 482, "Commune": "Strasbourg", "PTOT": 294564 }, "geometry": { "type": "Point", "coordinates": [ 7.793721766155753, 48.571298996521833 ] } },
{ "type": "Feature", "properties": { "rs": "HOPITAL CIVIL / IHU", "numvoie": 1, "typvoie": "PL", "voie": "DE L'HOPITAL", "compvoie": null, "lieuditbp": "BP 426", "region": 44, "libregion": "GRAND EST", "departemen": "67", "libdeparte": "BAS RHIN", "cog": "67482", "codepostal": 67091, "libelle_ro": "STRASBOURG CEDEX", "telephone": null, "libcateget": "C.H.R.", "liblongcat": "Centre Hospitalier Régional (C.H.R.)", "libcategre": "C.H.R.", "libcodeape": null, "mft": 3, "libmft": "ARS / DG EPS", "liblongmft": "ARS établissements Publics de santé dotation globale", "sph": "1", "libsph": "Etab.public de santé", "coordx": 1050108.2, "coordy": 6841313.4, "dateautor": "2016-09-29", "dateouvert": "2016-10-24", "cleabs": "COMMUNE_0000000000067482", "nom_offici": "Strasbourg", "nom_offi_1": "STRASBOURG", "code_insee": "67482", "superficie": 7830, "typo_urb_r": "urbain dense", "code_urb_r": 6, "REG": 44, "Région": "Grand Est", "DEP": 67, "CODCOM": 482, "Commune": "Strasbourg", "PTOT": 294564 }, "geometry": { "type": "Point", "coordinates": [ 7.748993610150357, 48.577252772835365 ] } },
{ "type": "Feature", "properties": { "rs": "HUS SITE ICANS", "numvoie": 17, "typvoie": "R", "voie": "ALBERT CALMETTE", "compvoie": null, "lieuditbp": null, "region": 44, "libregion": "GRAND EST", "departemen": "67", "libdeparte": "BAS RHIN", "cog": "67482", "codepostal": 67200, "libelle_ro": "STRASBOURG", "telephone": "03 88 11 67 68", "libcateget": "C.H.R.", "liblongcat": "Centre Hospitalier Régional (C.H.R.)", "libcategre": "C.H.R.", "libcodeape": null, "mft": 3, "libmft": "ARS / DG EPS", "liblongmft": "ARS établissements Publics de santé dotation globale", "sph": "1", "libsph": "Etab.public de santé", "coordx": 1047055.4, "coordy": 6842969.3, "dateautor": "2018-06-05", "dateouvert": "2019-11-18", "cleabs": "COMMUNE_0000000000067482", "nom_offici": "Strasbourg", "nom_offi_1": "STRASBOURG", "code_insee": "67482", "superficie": 7830, "typo_urb_r": "urbain dense", "code_urb_r": 6, "REG": 44, "Région": "Grand Est", "DEP": 67, "CODCOM": 482, "Commune": "Strasbourg", "PTOT": 294564 }, "geometry": { "type": "Point", "coordinates": [ 7.709020760251532, 48.593765014415446 ] } },
{ "type": "Feature", "properties": { "rs": "CMCO", "numvoie": 19, "typvoie": "R", "voie": "LOUIS PASTEUR", "compvoie": null, "lieuditbp": "BP 120", "region": 44, "libregion": "GRAND EST", "departemen": "67", "libdeparte": "BAS RHIN", "cog": "67447", "codepostal": 67303, "libelle_ro": "SCHILTIGHEIM CEDEX", "telephone": "03 88 62 83 00", "libcateget": "C.H.R.", "liblongcat": "Centre Hospitalier Régional (C.H.R.)", "libcategre": "C.H.R.", "libcodeape": "Activités des syndicats de salariés", "mft": 3, "libmft": "ARS / DG EPS", "liblongmft": "ARS établissements Publics de santé dotation globale", "sph": "1", "libsph": "Etab.public de santé", "coordx": 1050123.9, "coordy": 6843922.2, "dateautor": "1970-01-01", "dateouvert": "1970-01-01", "cleabs": "COMMUNE_0000000000067447", "nom_offici": "Schiltigheim", "nom_offi_1": "SCHILTIGHEIM", "code_insee": "67447", "superficie": 760, "typo_urb_r": "urbain dense", "code_urb_r": 6, "REG": 44, "Région": "Grand Est", "DEP": 67, "CODCOM": 447, "Commune": "Schiltigheim", "PTOT": 34614 }, "geometry": { "type": "Point", "coordinates": [ 7.751332779800538, 48.600668705751268 ] } },
{ "type": "Feature", "properties": { "rs": "CLINIQUE DE L'ORANGERIE", "numvoie": 29, "typvoie": "ALL", "voie": "DE LA ROBERTSAU", "compvoie": null, "lieuditbp": "BP 70380", "region": 44, "libregion": "GRAND EST", "departemen": "67", "libdeparte": "BAS RHIN", "cog": "67482", "codepostal": 67010, "libelle_ro": "STRASBOURG CEDEX", "telephone": "03 88 56 74 00", "libcateget": "Etab.Soins Pluridis.", "liblongcat": "Etablissement de Soins Pluridisciplinaire", "libcategre": "Soins Courte Durée", "libcodeape": null, "mft": 7, "libmft": "ARS / san pr non DG", "liblongmft": "ARS établissements de santé non financés dotation globale", "sph": "0", "libsph": "Non concerné", "coordx": 1051209.8, "coordy": 6842575.4, "dateautor": "1957-01-08", "dateouvert": "1957-01-08", "cleabs": "COMMUNE_0000000000067482", "nom_offici": "Strasbourg", "nom_offi_1": "STRASBOURG", "code_insee": "67482", "superficie": 7830, "typo_urb_r": "urbain dense", "code_urb_r": 6, "REG": 44, "Région": "Grand Est", "DEP": 67, "CODCOM": 482, "Commune": "Strasbourg", "PTOT": 294564 }, "geometry": { "type": "Point", "coordinates": [ 7.764931658590199, 48.587987669694648 ] } },
{ "type": "Feature", "properties": { "rs": "CLINIQUE SAINTE-BARBE", "numvoie": 29, "typvoie": "R", "voie": "DU FAUBOURG NATIONAL", "compvoie": null, "lieuditbp": null, "region": 44, "libregion": "GRAND EST", "departemen": "67", "libdeparte": "BAS RHIN", "cog": "67482", "codepostal": 67083, "libelle_ro": "STRASBOURG CEDEX", "telephone": "03 88 21 70 00", "libcateget": "Etab.Soins Pluridis.", "liblongcat": "Etablissement de Soins Pluridisciplinaire", "libcategre": "Soins Courte Durée", "libcodeape": null, "mft": 4, "libmft": "ARS / DG PSPH", "liblongmft": "ARS établissements PSPH dotation globale", "sph": "6", "libsph": "ESPIC", "coordx": 1049084.8, "coordy": 6841802.5, "dateautor": "1904-04-04", "dateouvert": "1904-04-04", "cleabs": "COMMUNE_0000000000067482", "nom_offici": "Strasbourg", "nom_offi_1": "STRASBOURG", "code_insee": "67482", "superficie": 7830, "typo_urb_r": "urbain dense", "code_urb_r": 6, "REG": 44, "Région": "Grand Est", "DEP": 67, "CODCOM": 482, "Commune": "Strasbourg", "PTOT": 294564 }, "geometry": { "type": "Point", "coordinates": [ 7.735542549016702, 48.582197007482428 ] } },
{ "type": "Feature", "properties": { "rs": "CLINIQUE SAINTE-ANNE", "numvoie": 182, "typvoie": "RTE", "voie": "DE LA WANTZENAU", "compvoie": null, "lieuditbp": null, "region": 44, "libregion": "GRAND EST", "departemen": "67", "libdeparte": "BAS RHIN", "cog": "67482", "codepostal": 67085, "libelle_ro": "STRASBOURG CEDEX", "telephone": "03 88 45 81 81", "libcateget": "Etab.Soins Pluridis.", "liblongcat": "Etablissement de Soins Pluridisciplinaire", "libcategre": "Soins Courte Durée", "libcodeape": null, "mft": 4, "libmft": "ARS / DG PSPH", "liblongmft": "ARS établissements PSPH dotation globale", "sph": "6", "libsph": "ESPIC", "coordx": 1052631.7, "coordy": 6845685.9, "dateautor": "1904-04-04", "dateouvert": "1904-04-04", "cleabs": "COMMUNE_0000000000067482", "nom_offici": "Strasbourg", "nom_offi_1": "STRASBOURG", "code_insee": "67482", "superficie": 7830, "typo_urb_r": "urbain dense", "code_urb_r": 6, "REG": 44, "Région": "Grand Est", "DEP": 67, "CODCOM": 482, "Commune": "Strasbourg", "PTOT": 294564 }, "geometry": { "type": "Point", "coordinates": [ 7.786730839373616, 48.615142911066663 ] } },
{ "type": "Feature", "properties": { "rs": "CLINIQUE SAINT-FRANÇOIS", "numvoie": 1, "typvoie": "R", "voie": "COLOME", "compvoie": null, "lieuditbp": "BP 92", "region": 44, "libregion": "GRAND EST", "departemen": "67", "libdeparte": "BAS RHIN", "cog": "67180", "codepostal": 67502, "libelle_ro": "HAGUENAU CEDEX", "telephone": "03 88 90 70 70", "libcateget": "Etab.Soins Pluridis.", "liblongcat": "Etablissement de Soins Pluridisciplinaire", "libcategre": "Soins Courte Durée", "libcodeape": "Activités hospitalières", "mft": 7, "libmft": "ARS / san pr non DG", "liblongmft": "ARS établissements de santé non financés dotation globale", "sph": "7", "libsph": "NON ESPIC", "coordx": 1051371.4, "coordy": 6868367.4, "dateautor": "1903-03-03", "dateouvert": "1903-03-03", "cleabs": "COMMUNE_0000000000067180", "nom_offici": "Haguenau", "nom_offi_1": "HAGUENAU", "code_insee": "67180", "superficie": 18260, "typo_urb_r": "urbain densité intermédiaire", "code_urb_r": 5, "REG": 44, "Région": "Grand Est", "DEP": 67, "CODCOM": 180, "Commune": "Haguenau", "PTOT": 36568 }, "geometry": { "type": "Point", "coordinates": [ 7.788312472059228, 48.819459238519684 ] } },
{ "type": "Feature", "properties": { "rs": "CLINIQUE SAINTE-ODILE", "numvoie": 6, "typvoie": "R", "voie": "DES PREMONTRES", "compvoie": null, "lieuditbp": null, "region": 44, "libregion": "GRAND EST", "departemen": "67", "libdeparte": "BAS RHIN", "cog": "67180", "codepostal": 67501, "libelle_ro": "HAGUENAU CEDEX", "telephone": "03 88 63 48 48", "libcateget": "Etab.Soins Pluridis.", "liblongcat": "Etablissement de Soins Pluridisciplinaire", "libcategre": "Soins Courte Durée", "libcodeape": "Activités hospitalières", "mft": 7, "libmft": "ARS / san pr non DG", "liblongmft": "ARS établissements de santé non financés dotation globale", "sph": "0", "libsph": "Non concerné", "coordx": 1051701.0, "coordy": 6868307.2, "dateautor": "1947-05-08", "dateouvert": "1947-05-08", "cleabs": "COMMUNE_0000000000067180", "nom_offici": "Haguenau", "nom_offi_1": "HAGUENAU", "code_insee": "67180", "superficie": 18260, "typo_urb_r": "urbain densité intermédiaire", "code_urb_r": 5, "REG": 44, "Région": "Grand Est", "DEP": 67, "CODCOM": 180, "Commune": "Haguenau", "PTOT": 36568 }, "geometry": { "type": "Point", "coordinates": [ 7.792743343634175, 48.818739098505937 ] } },
{ "type": "Feature", "properties": { "rs": "HOP ROBERTSAU/PAVILLON SCHUTZENBERGER", "numvoie": 83, "typvoie": "R", "voie": "HIMMERICH", "compvoie": null, "lieuditbp": null, "region": 44, "libregion": "GRAND EST", "departemen": "67", "libdeparte": "BAS RHIN", "cog": "67482", "codepostal": 67000, "libelle_ro": "STRASBOURG", "telephone": "03 88 11 55 11", "libcateget": "C.H.R.", "liblongcat": "Centre Hospitalier Régional (C.H.R.)", "libcategre": "C.H.R.", "libcodeape": "Activités hospitalières", "mft": 3, "libmft": "ARS / DG EPS", "liblongmft": "ARS établissements Publics de santé dotation globale", "sph": "1", "libsph": "Etab.public de santé", "coordx": 1053057.2, "coordy": 6844221.1, "dateautor": "1904-04-04", "dateouvert": "1904-04-04", "cleabs": "COMMUNE_0000000000067482", "nom_offici": "Strasbourg", "nom_offi_1": "STRASBOURG", "code_insee": "67482", "superficie": 7830, "typo_urb_r": "urbain dense", "code_urb_r": 6, "REG": 44, "Région": "Grand Est", "DEP": 67, "CODCOM": 482, "Commune": "Strasbourg", "PTOT": 294564 }, "geometry": { "type": "Point", "coordinates": [ 7.791287524935369, 48.601759080210776 ] } },
{ "type": "Feature", "properties": { "rs": "HOPITAL DE HAUTEPIERRE", "numvoie": 1, "typvoie": "AV", "voie": "MOLIERE", "compvoie": null, "lieuditbp": null, "region": 44, "libregion": "GRAND EST", "departemen": "67", "libdeparte": "BAS RHIN", "cog": "67482", "codepostal": 67200, "libelle_ro": "STRASBOURG", "telephone": "03 88 11 67 68", "libcateget": "C.H.R.", "liblongcat": "Centre Hospitalier Régional (C.H.R.)", "libcategre": "C.H.R.", "libcodeape": "Activités hospitalières", "mft": 3, "libmft": "ARS / DG EPS", "liblongmft": "ARS établissements Publics de santé dotation globale", "sph": "1", "libsph": "Etab.public de santé", "coordx": 1046931.3, "coordy": 6842846.3, "dateautor": "1978-01-26", "dateouvert": "1978-11-01", "cleabs": "COMMUNE_0000000000067482", "nom_offici": "Strasbourg", "nom_offi_1": "STRASBOURG", "code_insee": "67482", "superficie": 7830, "typo_urb_r": "urbain dense", "code_urb_r": 6, "REG": 44, "Région": "Grand Est", "DEP": 67, "CODCOM": 482, "Commune": "Strasbourg", "PTOT": 294564 }, "geometry": { "type": "Point", "coordinates": [ 7.707241523940922, 48.592727086076792 ] } },
{ "type": "Feature", "properties": { "rs": "HOPITAL DE L'ELSAU", "numvoie": 15, "typvoie": "R", "voie": "CRANACH", "compvoie": null, "lieuditbp": null, "region": 44, "libregion": "GRAND EST", "departemen": "67", "libdeparte": "BAS RHIN", "cog": "67482", "codepostal": 67200, "libelle_ro": "STRASBOURG", "telephone": "03 88 11 59 00", "libcateget": "C.H.R.", "liblongcat": "Centre Hospitalier Régional (C.H.R.)", "libcategre": "C.H.R.", "libcodeape": "Activités hospitalières", "mft": 3, "libmft": "ARS / DG EPS", "liblongmft": "ARS établissements Publics de santé dotation globale", "sph": "1", "libsph": "Etab.public de santé", "coordx": 1047865.5, "coordy": 6839844.8, "dateautor": "1977-10-01", "dateouvert": "1977-10-01", "cleabs": "COMMUNE_0000000000067482", "nom_offici": "Strasbourg", "nom_offi_1": "STRASBOURG", "code_insee": "67482", "superficie": 7830, "typo_urb_r": "urbain dense", "code_urb_r": 6, "REG": 44, "Région": "Grand Est", "DEP": 67, "CODCOM": 482, "Commune": "Strasbourg", "PTOT": 294564 }, "geometry": { "type": "Point", "coordinates": [ 7.717456702626318, 48.565274408608971 ] } },
{ "type": "Feature", "properties": { "rs": "CENTRE DE PLANIF. DU C.H. DE SAVERNE", "numvoie": 19, "typvoie": "COTE", "voie": "DE SAVERNE", "compvoie": null, "lieuditbp": "BP 20105", "region": 44, "libregion": "GRAND EST", "departemen": "67", "libdeparte": "BAS RHIN", "cog": "67437", "codepostal": 67700, "libelle_ro": "SAVERNE", "telephone": "03 88 71 65 17", "libcateget": "C.H.", "liblongcat": "Centre Hospitalier (C.H.)", "libcategre": "Centres Hospitaliers", "libcodeape": "Activités hospitalières", "mft": 3, "libmft": "ARS / DG EPS", "liblongmft": "ARS établissements Publics de santé dotation globale", "sph": "1", "libsph": "Etab.public de santé", "coordx": 1019781.6, "coordy": 6858495.4, "dateautor": "1984-01-01", "dateouvert": "1984-01-01", "cleabs": "COMMUNE_0000000000067437", "nom_offici": "Saverne", "nom_offi_1": "SAVERNE", "code_insee": "67437", "superficie": 2600, "typo_urb_r": "urbain densité intermédiaire", "code_urb_r": 5, "REG": 44, "Région": "Grand Est", "DEP": 67, "CODCOM": 437, "Commune": "Saverne", "PTOT": 11563 }, "geometry": { "type": "Point", "coordinates": [ 7.351332017231285, 48.747254218353085 ] } },
{ "type": "Feature", "properties": { "rs": "CTRE PLANIF FAM CH WISSEMBOURG", "numvoie": 24, "typvoie": "RTE", "voie": "WEILER", "compvoie": null, "lieuditbp": "BP 20003", "region": 44, "libregion": "GRAND EST", "departemen": "67", "libdeparte": "BAS RHIN", "cog": "67544", "codepostal": 67166, "libelle_ro": "WISSEMBOURG CEDEX", "telephone": "03 88 54 11 11", "libcateget": "C.H.", "liblongcat": "Centre Hospitalier (C.H.)", "libcategre": "Centres Hospitaliers", "libcodeape": "Activités hospitalières", "mft": 3, "libmft": "ARS / DG EPS", "liblongmft": "ARS établissements Publics de santé dotation globale", "sph": "1", "libsph": "Etab.public de santé", "coordx": 1060467.2, "coordy": 6893529.2, "dateautor": "1904-04-04", "dateouvert": "1904-04-04", "cleabs": "COMMUNE_0000000000067544", "nom_offici": "Wissembourg", "nom_offi_1": "WISSEMBOURG", "code_insee": "67544", "superficie": 4820, "typo_urb_r": "urbain densité intermédiaire", "code_urb_r": 5, "REG": 44, "Région": "Grand Est", "DEP": 67, "CODCOM": 544, "Commune": "Wissembourg", "PTOT": 7725 }, "geometry": { "type": "Point", "coordinates": [ 7.933343746265546, 49.040268792000738 ] } },
{ "type": "Feature", "properties": { "rs": "CENTRE PLANING FAMILIAL CH SELESTAT", "numvoie": 23, "typvoie": "AV", "voie": "LOUIS PASTEUR", "compvoie": null, "lieuditbp": "BP 30248", "region": 44, "libregion": "GRAND EST", "departemen": "67", "libdeparte": "BAS RHIN", "cog": "67462", "codepostal": 67604, "libelle_ro": "SELESTAT CEDEX", "telephone": "03 88 57 56 00", "libcateget": "C.H.", "liblongcat": "Centre Hospitalier (C.H.)", "libcategre": "Centres Hospitaliers", "libcodeape": "Activités hospitalières", "mft": 3, "libmft": "ARS / DG EPS", "liblongmft": "ARS établissements Publics de santé dotation globale", "sph": "1", "libsph": "Etab.public de santé", "coordx": 1028919.6, "coordy": 6805049.0, "dateautor": "1904-04-04", "dateouvert": "1904-04-04", "cleabs": "COMMUNE_0000000000067462", "nom_offici": "Sélestat", "nom_offi_1": "SELESTAT", "code_insee": "67462", "superficie": 4440, "typo_urb_r": "urbain densité intermédiaire", "code_urb_r": 5, "REG": 44, "Région": "Grand Est", "DEP": 67, "CODCOM": 462, "Commune": "Sélestat", "PTOT": 19748 }, "geometry": { "type": "Point", "coordinates": [ 7.434614437347962, 48.262631067722161 ] } },
{ "type": "Feature", "properties": { "rs": "CLINIQUE DE LA TOUSSAINT", "numvoie": 11, "typvoie": "R", "voie": "DE LA TOUSSAINT", "compvoie": null, "lieuditbp": null, "region": 44, "libregion": "GRAND EST", "departemen": "67", "libdeparte": "BAS RHIN", "cog": "67482", "codepostal": 67081, "libelle_ro": "STRASBOURG CEDEX", "telephone": "03 88 21 75 75", "libcateget": "Etab.Soins Médicaux", "liblongcat": "Etablissement de Soins Médicaux", "libcategre": "Soins Courte Durée", "libcodeape": "Activités hospitalières", "mft": 4, "libmft": "ARS / DG PSPH", "liblongmft": "ARS établissements PSPH dotation globale", "sph": "6", "libsph": "ESPIC", "coordx": 1049742.1, "coordy": 6842370.5, "dateautor": "1901-01-01", "dateouvert": "1901-01-01", "cleabs": "COMMUNE_0000000000067482", "nom_offici": "Strasbourg", "nom_offi_1": "STRASBOURG", "code_insee": "67482", "superficie": 7830, "typo_urb_r": "urbain dense", "code_urb_r": 6, "REG": 44, "Région": "Grand Est", "DEP": 67, "CODCOM": 482, "Commune": "Strasbourg", "PTOT": 294564 }, "geometry": { "type": "Point", "coordinates": [ 7.744900243112081, 48.586942409262221 ] } },
{ "type": "Feature", "properties": { "rs": "CLINIQUE SAINT-LUC", "numvoie": 10, "typvoie": "R", "voie": "DES FORGES", "compvoie": null, "lieuditbp": null, "region": 44, "libregion": "GRAND EST", "departemen": "67", "libdeparte": "BAS RHIN", "cog": "67448", "codepostal": 67130, "libelle_ro": "SCHIRMECK", "telephone": "03 88 47 41 41", "libcateget": "Etab.Soins Pluridis.", "liblongcat": "Etablissement de Soins Pluridisciplinaire", "libcategre": "Soins Courte Durée", "libcodeape": "Activités hospitalières", "mft": 4, "libmft": "ARS / DG PSPH", "liblongmft": "ARS établissements PSPH dotation globale", "sph": "6", "libsph": "ESPIC", "coordx": 1012001.3, "coordy": 6828628.7, "dateautor": "1904-04-04", "dateouvert": "1904-04-04", "cleabs": "COMMUNE_0000000000067448", "nom_offici": "Schirmeck", "nom_offi_1": "SCHIRMECK", "code_insee": "67448", "superficie": 1140, "typo_urb_r": "urbain densité intermédiaire", "code_urb_r": 5, "REG": 44, "Région": "Grand Est", "DEP": 67, "CODCOM": 448, "Commune": "Schirmeck", "PTOT": 2115 }, "geometry": { "type": "Point", "coordinates": [ 7.223950435650245, 48.48279517279915 ] } },
{ "type": "Feature", "properties": { "rs": "HOPITAL LOCAL DE SIERENTZ", "numvoie": 35, "typvoie": "R", "voie": "ROGG HAAS", "compvoie": null, "lieuditbp": "BP 26", "region": 44, "libregion": "GRAND EST", "departemen": "68", "libdeparte": "HAUT RHIN", "cog": "68309", "codepostal": 68510, "libelle_ro": "SIERENTZ", "telephone": "03 89 26 60 00", "libcateget": "C.H.", "liblongcat": "Centre Hospitalier (C.H.)", "libcategre": "Centres Hospitaliers", "libcodeape": "Activités hospitalières", "mft": 3, "libmft": "ARS / DG EPS", "liblongmft": "ARS établissements Publics de santé dotation globale", "sph": "1", "libsph": "Etab.public de santé", "coordx": 1034523.5, "coordy": 6737374.8, "dateautor": "1901-01-01", "dateouvert": "1901-01-01", "cleabs": "COMMUNE_0000000000068309", "nom_offici": "Sierentz", "nom_offi_1": "SIERENTZ", "code_insee": "68309", "superficie": 1320, "typo_urb_r": "urbain densité intermédiaire", "code_urb_r": 5, "REG": 44, "Région": "Grand Est", "DEP": 68, "CODCOM": 309, "Commune": "Sierentz", "PTOT": 4363 }, "geometry": { "type": "Point", "coordinates": [ 7.458544335449204, 47.651737324326888 ] } },
{ "type": "Feature", "properties": { "rs": "HOPITAL DE CERNAY", "numvoie": 7, "typvoie": "R", "voie": "GEORGES RISLER", "compvoie": null, "lieuditbp": null, "region": 44, "libregion": "GRAND EST", "departemen": "68", "libdeparte": "HAUT RHIN", "cog": "68063", "codepostal": 68700, "libelle_ro": "CERNAY", "telephone": "03 89 38 54 14", "libcateget": "C.H.", "liblongcat": "Centre Hospitalier (C.H.)", "libcategre": "Centres Hospitaliers", "libcodeape": "Activités hospitalières", "mft": 3, "libmft": "ARS / DG EPS", "liblongmft": "ARS établissements Publics de santé dotation globale", "sph": "1", "libsph": "Etab.public de santé", "coordx": 1012171.6, "coordy": 6753410.2, "dateautor": "1901-01-01", "dateouvert": "1901-01-01", "cleabs": "COMMUNE_0000000000068063", "nom_offici": "Cernay", "nom_offi_1": "CERNAY", "code_insee": "68063", "superficie": 1800, "typo_urb_r": "urbain densité intermédiaire", "code_urb_r": 5, "REG": 44, "Région": "Grand Est", "DEP": 68, "CODCOM": 63, "Commune": "Cernay", "PTOT": 11936 }, "geometry": { "type": "Point", "coordinates": [ 7.172492496107918, 47.806838856210774 ] } },
{ "type": "Feature", "properties": { "rs": "CLINIQUE DIACONAT FONDERIE", "numvoie": 1, "typvoie": "R", "voie": "SAINT-SAUVEUR", "compvoie": null, "lieuditbp": "BP 1237", "region": 44, "libregion": "GRAND EST", "departemen": "68", "libdeparte": "HAUT RHIN", "cog": "68224", "codepostal": 68054, "libelle_ro": "MULHOUSE CEDEX 1", "telephone": "03 89 36 75 75", "libcateget": "Etab.Soins Pluridis.", "liblongcat": "Etablissement de Soins Pluridisciplinaire", "libcategre": "Soins Courte Durée", "libcodeape": "Activités hospitalières", "mft": 7, "libmft": "ARS / san pr non DG", "liblongmft": "ARS établissements de santé non financés dotation globale", "sph": "7", "libsph": "NON ESPIC", "coordx": 1024476.3, "coordy": 6746725.5, "dateautor": "1901-01-01", "dateouvert": "1901-01-01", "cleabs": "COMMUNE_0000000000068224", "nom_offici": "Mulhouse", "nom_offi_1": "MULHOUSE", "code_insee": "68224", "superficie": 2220, "typo_urb_r": "urbain dense", "code_urb_r": 6, "REG": 44, "Région": "Grand Est", "DEP": 68, "CODCOM": 224, "Commune": "Mulhouse", "PTOT": 106095 }, "geometry": { "type": "Point", "coordinates": [ 7.331736952357367, 47.740800815885585 ] } },
{ "type": "Feature", "properties": { "rs": "CLINIQUE DIACONAT ROOSEVELT", "numvoie": 14, "typvoie": "BD", "voie": "DU PRESIDENT ROOSEVELT", "compvoie": null, "lieuditbp": null, "region": 44, "libregion": "GRAND EST", "departemen": "68", "libdeparte": "HAUT RHIN", "cog": "68224", "codepostal": 68200, "libelle_ro": "MULHOUSE", "telephone": "03 89 32 55 00", "libcateget": "Etab.Soins Pluridis.", "liblongcat": "Etablissement de Soins Pluridisciplinaire", "libcategre": "Soins Courte Durée", "libcodeape": "Activités hospitalières", "mft": 7, "libmft": "ARS / san pr non DG", "liblongmft": "ARS établissements de santé non financés dotation globale", "sph": "7", "libsph": "NON ESPIC", "coordx": 1024352.8, "coordy": 6747640.2, "dateautor": "1979-02-26", "dateouvert": "1979-02-26", "cleabs": "COMMUNE_0000000000068224", "nom_offici": "Mulhouse", "nom_offi_1": "MULHOUSE", "code_insee": "68224", "superficie": 2220, "typo_urb_r": "urbain dense", "code_urb_r": 6, "REG": 44, "Région": "Grand Est", "DEP": 68, "CODCOM": 224, "Commune": "Mulhouse", "PTOT": 106095 }, "geometry": { "type": "Point", "coordinates": [ 7.330760601157046, 47.749082099348108 ] } },
{ "type": "Feature", "properties": { "rs": "CENTRE HOSPITALIER D'ALTKIRCH", "numvoie": 23, "typvoie": "R", "voie": "DU TROISIEME ZOUAVE", "compvoie": null, "lieuditbp": "BP 1022", "region": 44, "libregion": "GRAND EST", "departemen": "68", "libdeparte": "HAUT RHIN", "cog": "68004", "codepostal": 68134, "libelle_ro": "ALTKIRCH CEDEX", "telephone": "03 89 08 30 30", "libcateget": "C.H.", "liblongcat": "Centre Hospitalier (C.H.)", "libcategre": "Centres Hospitaliers", "libcodeape": "Activités hospitalières", "mft": 3, "libmft": "ARS / DG EPS", "liblongmft": "ARS établissements Publics de santé dotation globale", "sph": "1", "libsph": "Etab.public de santé", "coordx": 1019076.5, "coordy": 6733432.8, "dateautor": "1901-01-01", "dateouvert": "1901-01-01", "cleabs": "COMMUNE_0000000000068004", "nom_offici": "Altkirch", "nom_offi_1": "ALTKIRCH", "code_insee": "68004", "superficie": 950, "typo_urb_r": "urbain densité intermédiaire", "code_urb_r": 5, "REG": 44, "Région": "Grand Est", "DEP": 68, "CODCOM": 4, "Commune": "Altkirch", "PTOT": 5704 }, "geometry": { "type": "Point", "coordinates": [ 7.250248054516275, 47.623972764978596 ] } },
{ "type": "Feature", "properties": { "rs": "CENTRE HOSPITALIER DE PFASTATT", "numvoie": 1, "typvoie": "R", "voie": "HENRI HAEFFELY", "compvoie": null, "lieuditbp": null, "region": 44, "libregion": "GRAND EST", "departemen": "68", "libdeparte": "HAUT RHIN", "cog": "68256", "codepostal": 68120, "libelle_ro": "PFASTATT", "telephone": "03 89 52 11 11", "libcateget": "C.H.", "liblongcat": "Centre Hospitalier (C.H.)", "libcategre": "Centres Hospitaliers", "libcodeape": "Activités hospitalières", "mft": 3, "libmft": "ARS / DG EPS", "liblongmft": "ARS établissements Publics de santé dotation globale", "sph": "1", "libsph": "Etab.public de santé", "coordx": 1022077.5, "coordy": 6749578.2, "dateautor": "1901-01-01", "dateouvert": "1901-01-01", "cleabs": "COMMUNE_0000000000068256", "nom_offici": "Pfastatt", "nom_offi_1": "PFASTATT", "code_insee": "68256", "superficie": 520, "typo_urb_r": "urbain dense", "code_urb_r": 6, "REG": 44, "Région": "Grand Est", "DEP": 68, "CODCOM": 256, "Commune": "Pfastatt", "PTOT": 10381 }, "geometry": { "type": "Point", "coordinates": [ 7.301849382358381, 47.767617676408584 ] } },
{ "type": "Feature", "properties": { "rs": "HOPITAL DE THANN", "numvoie": 1, "typvoie": "R", "voie": "SAINT JACQUES", "compvoie": null, "lieuditbp": "BP 40088", "region": 44, "libregion": "GRAND EST", "departemen": "68", "libdeparte": "HAUT RHIN", "cog": "68334", "codepostal": 68802, "libelle_ro": "THANN CEDEX", "telephone": "03 89 37 71 01", "libcateget": "C.H.", "liblongcat": "Centre Hospitalier (C.H.)", "libcategre": "Centres Hospitaliers", "libcodeape": "Activités hospitalières", "mft": 3, "libmft": "ARS / DG EPS", "liblongmft": "ARS établissements Publics de santé dotation globale", "sph": "1", "libsph": "Etab.public de santé", "coordx": 1006468.2, "coordy": 6753852.2, "dateautor": "1901-01-01", "dateouvert": "1901-01-01", "cleabs": "COMMUNE_0000000000068334", "nom_offici": "Thann", "nom_offi_1": "THANN", "code_insee": "68334", "superficie": 1250, "typo_urb_r": "urbain densité intermédiaire", "code_urb_r": 5, "REG": 44, "Région": "Grand Est", "DEP": 68, "CODCOM": 334, "Commune": "Thann", "PTOT": 7906 }, "geometry": { "type": "Point", "coordinates": [ 7.096704936871531, 47.813498027334731 ] } },
{ "type": "Feature", "properties": { "rs": "HOPITAL DU HASENRAIN", "numvoie": 87, "typvoie": "AV", "voie": "D'ALTKIRCH", "compvoie": null, "lieuditbp": "BP 1070", "region": 44, "libregion": "GRAND EST", "departemen": "68", "libdeparte": "HAUT RHIN", "cog": "68224", "codepostal": 68051, "libelle_ro": "MULHOUSE CEDEX 1", "telephone": "03 89 64 64 64", "libcateget": "C.H.", "liblongcat": "Centre Hospitalier (C.H.)", "libcategre": "Centres Hospitaliers", "libcodeape": "Activités hospitalières", "mft": 3, "libmft": "ARS / DG EPS", "liblongmft": "ARS établissements Publics de santé dotation globale", "sph": "1", "libsph": "Etab.public de santé", "coordx": 1024467.9, "coordy": 6746038.7, "dateautor": "1901-01-01", "dateouvert": "1901-01-01", "cleabs": "COMMUNE_0000000000068224", "nom_offici": "Mulhouse", "nom_offi_1": "MULHOUSE", "code_insee": "68224", "superficie": 2220, "typo_urb_r": "urbain dense", "code_urb_r": 6, "REG": 44, "Région": "Grand Est", "DEP": 68, "CODCOM": 224, "Commune": "Mulhouse", "PTOT": 106095 }, "geometry": { "type": "Point", "coordinates": [ 7.3311226332287, 47.734632715206658 ] } },
{ "type": "Feature", "properties": { "rs": "HOPITAL LOUIS PASTEUR", "numvoie": 39, "typvoie": "AV", "voie": "DE LA LIBERTE", "compvoie": null, "lieuditbp": null, "region": 44, "libregion": "GRAND EST", "departemen": "68", "libdeparte": "HAUT RHIN", "cog": "68066", "codepostal": 68024, "libelle_ro": "COLMAR CEDEX", "telephone": "03 89 12 40 00", "libcateget": "C.H.", "liblongcat": "Centre Hospitalier (C.H.)", "libcategre": "Centres Hospitaliers", "libcodeape": "Activités hospitalières", "mft": 3, "libmft": "ARS / DG EPS", "liblongmft": "ARS établissements Publics de santé dotation globale", "sph": "1", "libsph": "Etab.public de santé", "coordx": 1022804.5, "coordy": 6784030.5, "dateautor": "1904-04-04", "dateouvert": "1904-04-04", "cleabs": "COMMUNE_0000000000068066", "nom_offici": "Colmar", "nom_offi_1": "COLMAR", "code_insee": "68066", "superficie": 6660, "typo_urb_r": "urbain dense", "code_urb_r": 6, "REG": 44, "Région": "Grand Est", "DEP": 68, "CODCOM": 66, "Commune": "Colmar", "PTOT": 68390 }, "geometry": { "type": "Point", "coordinates": [ 7.336788189807754, 48.076850696082857 ] } },
{ "type": "Feature", "properties": { "rs": "HOP INTERCOM ENSISHEIM NEUF-BRISACH", "numvoie": 7, "typvoie": "R", "voie": "COLBERT", "compvoie": null, "lieuditbp": null, "region": 44, "libregion": "GRAND EST", "departemen": "68", "libdeparte": "HAUT RHIN", "cog": "68082", "codepostal": 68190, "libelle_ro": "ENSISHEIM", "telephone": "03 89 81 12 55", "libcateget": "C.H.", "liblongcat": "Centre Hospitalier (C.H.)", "libcategre": "Centres Hospitaliers", "libcodeape": "Activités hospitalières", "mft": 3, "libmft": "ARS / DG EPS", "liblongmft": "ARS établissements Publics de santé dotation globale", "sph": "1", "libsph": "Etab.public de santé", "coordx": 1025103.1, "coordy": 6760928.2, "dateautor": "1904-04-04", "dateouvert": "1904-04-04", "cleabs": "COMMUNE_0000000000068082", "nom_offici": "Ensisheim", "nom_offi_1": "ENSISHEIM", "code_insee": "68082", "superficie": 3660, "typo_urb_r": "urbain densité intermédiaire", "code_urb_r": 5, "REG": 44, "Région": "Grand Est", "DEP": 68, "CODCOM": 82, "Commune": "Ensisheim", "PTOT": 7429 }, "geometry": { "type": "Point", "coordinates": [ 7.350523783711028, 47.868124304740718 ] } },
{ "type": "Feature", "properties": { "rs": "CENTRE HOSPITALIER DE GUEBWILLER", "numvoie": 2, "typvoie": "R", "voie": "JEAN SCHLUMBERGER", "compvoie": null, "lieuditbp": "BP 219", "region": 44, "libregion": "GRAND EST", "departemen": "68", "libdeparte": "HAUT RHIN", "cog": "68112", "codepostal": 68504, "libelle_ro": "GUEBWILLER CEDEX", "telephone": "03 89 74 78 00", "libcateget": "C.H.", "liblongcat": "Centre Hospitalier (C.H.)", "libcategre": "Centres Hospitaliers", "libcodeape": "Activités hospitalières", "mft": 3, "libmft": "ARS / DG EPS", "liblongmft": "ARS établissements Publics de santé dotation globale", "sph": "1", "libsph": "Etab.public de santé", "coordx": 1014809.2, "coordy": 6764815.5, "dateautor": "1901-01-01", "dateouvert": "1901-01-01", "cleabs": "COMMUNE_0000000000068112", "nom_offici": "Guebwiller", "nom_offi_1": "GUEBWILLER", "code_insee": "68112", "superficie": 970, "typo_urb_r": "urbain densité intermédiaire", "code_urb_r": 5, "REG": 44, "Région": "Grand Est", "DEP": 68, "CODCOM": 112, "Commune": "Guebwiller", "PTOT": 11340 }, "geometry": { "type": "Point", "coordinates": [ 7.215811420151105, 47.908080232862922 ] } },
{ "type": "Feature", "properties": { "rs": "HOPITAL INTERCOMMUNAL DU VAL D'ARGENT", "numvoie": 17, "typvoie": "R", "voie": "JEAN JACQUES BOCK", "compvoie": null, "lieuditbp": "BP 1", "region": 44, "libregion": "GRAND EST", "departemen": "68", "libdeparte": "HAUT RHIN", "cog": "68298", "codepostal": 68160, "libelle_ro": "STE MARIE AUX MINES", "telephone": "03 89 22 42 22", "libcateget": "C.H.", "liblongcat": "Centre Hospitalier (C.H.)", "libcategre": "Centres Hospitaliers", "libcodeape": null, "mft": 3, "libmft": "ARS / DG EPS", "liblongmft": "ARS établissements Publics de santé dotation globale", "sph": "1", "libsph": "Etab.public de santé", "coordx": 1009785.7, "coordy": 6802081.9, "dateautor": "1924-01-01", "dateouvert": "1924-01-01", "cleabs": "COMMUNE_0000000000068298", "nom_offici": "Sainte-Marie-aux-Mines", "nom_offi_1": "SAINTE-MARIE-AUX-MINES", "code_insee": "68298", "superficie": 4520, "typo_urb_r": "rural autonome peu dense", "code_urb_r": 1, "REG": 44, "Région": "Grand Est", "DEP": 68, "CODCOM": 298, "Commune": "Sainte-Marie-aux-Mines", "PTOT": 5082 }, "geometry": { "type": "Point", "coordinates": [ 7.175026601006647, 48.245354983147102 ] } },
{ "type": "Feature", "properties": { "rs": "HOPITAL INTERCOM DE SOULTZ ISSENHEIM", "numvoie": 80, "typvoie": "RTE", "voie": "DE GUEBWILLER", "compvoie": null, "lieuditbp": null, "region": 44, "libregion": "GRAND EST", "departemen": "68", "libdeparte": "HAUT RHIN", "cog": "68315", "codepostal": 68360, "libelle_ro": "SOULTZ HAUT RHIN", "telephone": "03 89 62 17 10", "libcateget": "C.H.", "liblongcat": "Centre Hospitalier (C.H.)", "libcategre": "Centres Hospitaliers", "libcodeape": "Activités hospitalières", "mft": 3, "libmft": "ARS / DG EPS", "liblongmft": "ARS établissements Publics de santé dotation globale", "sph": "1", "libsph": "Etab.public de santé", "coordx": 1015665.0, "coordy": 6762868.5, "dateautor": "1901-01-01", "dateouvert": "1901-01-01", "cleabs": "COMMUNE_0000000000068315", "nom_offici": "Soultz-Haut-Rhin", "nom_offi_1": "SOULTZ-HAUT-RHIN", "code_insee": "68315", "superficie": 2960, "typo_urb_r": "urbain densité intermédiaire", "code_urb_r": 5, "REG": 44, "Région": "Grand Est", "DEP": 68, "CODCOM": 315, "Commune": "Soultz-Haut-Rhin", "PTOT": 7138 }, "geometry": { "type": "Point", "coordinates": [ 7.225856085826376, 47.890171411398448 ] } },
{ "type": "Feature", "properties": { "rs": "HOPITAL LOEWEL DE MUNSTER", "numvoie": 6, "typvoie": "R", "voie": "DU MOULIN", "compvoie": null, "lieuditbp": null, "region": 44, "libregion": "GRAND EST", "departemen": "68", "libdeparte": "HAUT RHIN", "cog": "68226", "codepostal": 68140, "libelle_ro": "MUNSTER", "telephone": "03 89 77 30 12", "libcateget": "C.H.", "liblongcat": "Centre Hospitalier (C.H.)", "libcategre": "Centres Hospitaliers", "libcodeape": "Activités hospitalières", "mft": 3, "libmft": "ARS / DG EPS", "liblongmft": "ARS établissements Publics de santé dotation globale", "sph": "1", "libsph": "Etab.public de santé", "coordx": 1007724.3, "coordy": 6779504.6, "dateautor": "1901-01-01", "dateouvert": "1901-01-01", "cleabs": "COMMUNE_0000000000068226", "nom_offici": "Munster", "nom_offi_1": "MUNSTER", "code_insee": "68226", "superficie": 860, "typo_urb_r": "urbain densité intermédiaire", "code_urb_r": 5, "REG": 44, "Région": "Grand Est", "DEP": 68, "CODCOM": 226, "Commune": "Munster", "PTOT": 4787 }, "geometry": { "type": "Point", "coordinates": [ 7.131390345780022, 48.043454838511195 ] } },
{ "type": "Feature", "properties": { "rs": "HOPITAL DE RIBEAUVILLE", "numvoie": 13, "typvoie": "R", "voie": "DU CHATEAU", "compvoie": null, "lieuditbp": "BP 60047", "region": 44, "libregion": "GRAND EST", "departemen": "68", "libdeparte": "HAUT RHIN", "cog": "68269", "codepostal": 68152, "libelle_ro": "RIBEAUVILLE CEDEX", "telephone": "03 89 73 52 00", "libcateget": "C.H.", "liblongcat": "Centre Hospitalier (C.H.)", "libcategre": "Centres Hospitaliers", "libcodeape": "Activités hospitalières", "mft": 3, "libmft": "ARS / DG EPS", "liblongmft": "ARS établissements Publics de santé dotation globale", "sph": "1", "libsph": "Etab.public de santé", "coordx": 1020547.4, "coordy": 6797301.8, "dateautor": "1904-04-04", "dateouvert": "1904-04-04", "cleabs": "COMMUNE_0000000000068269", "nom_offici": "Ribeauvillé", "nom_offi_1": "RIBEAUVILLE", "code_insee": "68269", "superficie": 3220, "typo_urb_r": "urbain densité intermédiaire", "code_urb_r": 5, "REG": 44, "Région": "Grand Est", "DEP": 68, "CODCOM": 269, "Commune": "Ribeauvillé", "PTOT": 4901 }, "geometry": { "type": "Point", "coordinates": [ 7.316261505331695, 48.197202911865965 ] } },
{ "type": "Feature", "properties": { "rs": "CLINIQUE DU DIACONAT COLMAR", "numvoie": 18, "typvoie": "R", "voie": "SANDHERR", "compvoie": null, "lieuditbp": null, "region": 44, "libregion": "GRAND EST", "departemen": "68", "libdeparte": "HAUT RHIN", "cog": "68066", "codepostal": 68025, "libelle_ro": "COLMAR CEDEX", "telephone": "03 89 21 22 23", "libcateget": "Etab.Soins Pluridis.", "liblongcat": "Etablissement de Soins Pluridisciplinaire", "libcategre": "Soins Courte Durée", "libcodeape": null, "mft": 4, "libmft": "ARS / DG PSPH", "liblongmft": "ARS établissements PSPH dotation globale", "sph": "6", "libsph": "ESPIC", "coordx": 1023604.6, "coordy": 6782880.0, "dateautor": "1934-03-15", "dateouvert": "1934-03-15", "cleabs": "COMMUNE_0000000000068066", "nom_offici": "Colmar", "nom_offi_1": "COLMAR", "code_insee": "68066", "superficie": 6660, "typo_urb_r": "urbain dense", "code_urb_r": 6, "REG": 44, "Région": "Grand Est", "DEP": 68, "CODCOM": 66, "Commune": "Colmar", "PTOT": 68390 }, "geometry": { "type": "Point", "coordinates": [ 7.346665644183266, 48.066117662355119 ] } },
{ "type": "Feature", "properties": { "rs": "HOPITAL ALBERT SCHWEITZER", "numvoie": 201, "typvoie": "AV", "voie": "D'ALSACE", "compvoie": null, "lieuditbp": "BP 20129", "region": 44, "libregion": "GRAND EST", "departemen": "68", "libdeparte": "HAUT RHIN", "cog": "68066", "codepostal": 68003, "libelle_ro": "COLMAR CEDEX", "telephone": "03 89 21 28 00", "libcateget": "Etab.Soins Pluridis.", "liblongcat": "Etablissement de Soins Pluridisciplinaire", "libcategre": "Soins Courte Durée", "libcodeape": "Activités hospitalières", "mft": 4, "libmft": "ARS / DG PSPH", "liblongmft": "ARS établissements PSPH dotation globale", "sph": "6", "libsph": "ESPIC", "coordx": 1024927.8, "coordy": 6782708.2, "dateautor": "2007-02-15", "dateouvert": "2007-05-03", "cleabs": "COMMUNE_0000000000068066", "nom_offici": "Colmar", "nom_offi_1": "COLMAR", "code_insee": "68066", "superficie": 6660, "typo_urb_r": "urbain dense", "code_urb_r": 6, "REG": 44, "Région": "Grand Est", "DEP": 68, "CODCOM": 66, "Commune": "Colmar", "PTOT": 68390 }, "geometry": { "type": "Point", "coordinates": [ 7.364275387578781, 48.063917582467916 ] } },
{ "type": "Feature", "properties": { "rs": "CENTRE MEDICAL LE PARC", "numvoie": 46, "typvoie": "R", "voie": "DU STAUFFEN", "compvoie": null, "lieuditbp": null, "region": 44, "libregion": "GRAND EST", "departemen": "68", "libdeparte": "HAUT RHIN", "cog": "68066", "codepostal": 68020, "libelle_ro": "COLMAR CEDEX", "telephone": "03 89 12 40 00", "libcateget": "C.H.", "liblongcat": "Centre Hospitalier (C.H.)", "libcategre": "Centres Hospitaliers", "libcodeape": "Activités hospitalières", "mft": 3, "libmft": "ARS / DG EPS", "liblongmft": "ARS établissements Publics de santé dotation globale", "sph": "1", "libsph": "Etab.public de santé", "coordx": 1022664.0, "coordy": 6785070.0, "dateautor": "1980-03-01", "dateouvert": "1980-03-01", "cleabs": "COMMUNE_0000000000068066", "nom_offici": "Colmar", "nom_offi_1": "COLMAR", "code_insee": "68066", "superficie": 6660, "typo_urb_r": "urbain dense", "code_urb_r": 6, "REG": 44, "Région": "Grand Est", "DEP": 68, "CODCOM": 66, "Commune": "Colmar", "PTOT": 68390 }, "geometry": { "type": "Point", "coordinates": [ 7.335670444789875, 48.086260070772262 ] } },
{ "type": "Feature", "properties": { "rs": "HOPITAL EMILE MULLER", "numvoie": 20, "typvoie": "R", "voie": "DU DR LAENNEC", "compvoie": null, "lieuditbp": null, "region": 44, "libregion": "GRAND EST", "departemen": "68", "libdeparte": "HAUT RHIN", "cog": "68224", "codepostal": 68051, "libelle_ro": "MULHOUSE CEDEX 1", "telephone": "03 89 64 64 64", "libcateget": "C.H.", "liblongcat": "Centre Hospitalier (C.H.)", "libcategre": "Centres Hospitaliers", "libcodeape": "Activités hospitalières", "mft": 3, "libmft": "ARS / DG EPS", "liblongmft": "ARS établissements Publics de santé dotation globale", "sph": "1", "libsph": "Etab.public de santé", "coordx": 1024734.9, "coordy": 6747818.4, "dateautor": "1978-05-01", "dateouvert": "1978-05-01", "cleabs": "COMMUNE_0000000000068224", "nom_offici": "Mulhouse", "nom_offi_1": "MULHOUSE", "code_insee": "68224", "superficie": 2220, "typo_urb_r": "urbain dense", "code_urb_r": 6, "REG": 44, "Région": "Grand Est", "DEP": 68, "CODCOM": 224, "Commune": "Mulhouse", "PTOT": 106095 }, "geometry": { "type": "Point", "coordinates": [ 7.335982681755396, 47.750494925749187 ] } },
{ "type": "Feature", "properties": { "rs": "MAISON MEDICALE POUR PERSONNES AGEES", "numvoie": 5, "typvoie": "R", "voie": "DU DR MANGENEY", "compvoie": null, "lieuditbp": null, "region": 44, "libregion": "GRAND EST", "departemen": "68", "libdeparte": "HAUT RHIN", "cog": "68224", "codepostal": 68051, "libelle_ro": "MULHOUSE CEDEX 1", "telephone": "03 89 64 64 64", "libcateget": "C.H.", "liblongcat": "Centre Hospitalier (C.H.)", "libcategre": "Centres Hospitaliers", "libcodeape": "Activités hospitalières", "mft": 3, "libmft": "ARS / DG EPS", "liblongmft": "ARS établissements Publics de santé dotation globale", "sph": "1", "libsph": "Etab.public de santé", "coordx": 1025354.2, "coordy": 6745220.4, "dateautor": "1972-10-01", "dateouvert": "1972-10-01", "cleabs": "COMMUNE_0000000000068224", "nom_offici": "Mulhouse", "nom_offi_1": "MULHOUSE", "code_insee": "68224", "superficie": 2220, "typo_urb_r": "urbain dense", "code_urb_r": 6, "REG": 44, "Région": "Grand Est", "DEP": 68, "CODCOM": 224, "Commune": "Mulhouse", "PTOT": 106095 }, "geometry": { "type": "Point", "coordinates": [ 7.342329424100784, 47.726840785754391 ] } },
{ "type": "Feature", "properties": { "rs": "CENTRE POUR PERSONNES AGEES", "numvoie": 122, "typvoie": "R", "voie": "DU LOGELBACH", "compvoie": null, "lieuditbp": null, "region": 44, "libregion": "GRAND EST", "departemen": "68", "libdeparte": "HAUT RHIN", "cog": "68066", "codepostal": 68025, "libelle_ro": "COLMAR CEDEX", "telephone": "03 89 12 40 00", "libcateget": "C.H.", "liblongcat": "Centre Hospitalier (C.H.)", "libcategre": "Centres Hospitaliers", "libcodeape": null, "mft": 3, "libmft": "ARS / DG EPS", "liblongmft": "ARS établissements Publics de santé dotation globale", "sph": "1", "libsph": "Etab.public de santé", "coordx": 1022597.5, "coordy": 6784686.4, "dateautor": "1980-07-24", "dateouvert": "1980-07-24", "cleabs": "COMMUNE_0000000000068066", "nom_offici": "Colmar", "nom_offi_1": "COLMAR", "code_insee": "68066", "superficie": 6660, "typo_urb_r": "urbain dense", "code_urb_r": 6, "REG": 44, "Région": "Grand Est", "DEP": 68, "CODCOM": 66, "Commune": "Colmar", "PTOT": 68390 }, "geometry": { "type": "Point", "coordinates": [ 7.334496010431033, 48.082846238480911 ] } },
{ "type": "Feature", "properties": { "rs": "POLE PUBLIC SAINT-LOUIS - GHRMSA", "numvoie": 5, "typvoie": "R", "voie": "SAINT DAMIEN", "compvoie": null, "lieuditbp": null, "region": 44, "libregion": "GRAND EST", "departemen": "68", "libdeparte": "HAUT RHIN", "cog": "68297", "codepostal": 68300, "libelle_ro": "ST LOUIS", "telephone": null, "libcateget": "C.H.", "liblongcat": "Centre Hospitalier (C.H.)", "libcategre": "Centres Hospitaliers", "libcodeape": null, "mft": 3, "libmft": "ARS / DG EPS", "liblongmft": "ARS établissements Publics de santé dotation globale", "sph": "1", "libsph": "Etab.public de santé", "coordx": 1041970.4, "coordy": 6730070.4, "dateautor": "2013-12-10", "dateouvert": "2014-01-01", "cleabs": "COMMUNE_0000000000068297", "nom_offici": "Saint-Louis", "nom_offi_1": "SAINT-LOUIS", "code_insee": "68297", "superficie": 1690, "typo_urb_r": "urbain dense", "code_urb_r": 6, "REG": 44, "Région": "Grand Est", "DEP": 68, "CODCOM": 297, "Commune": "Saint-Louis", "PTOT": 22777 }, "geometry": { "type": "Point", "coordinates": [ 7.551973389017635, 47.582274461595212 ] } },
{ "type": "Feature", "properties": { "rs": "CENTRE DEPART. DE REPOS ET DE SOINS", "numvoie": 40, "typvoie": "R", "voie": "DU STAUFFEN", "compvoie": null, "lieuditbp": "BP 70468", "region": 44, "libregion": "GRAND EST", "departemen": "68", "libdeparte": "HAUT RHIN", "cog": "68066", "codepostal": 68020, "libelle_ro": "COLMAR CEDEX", "telephone": "03 89 80 44 00", "libcateget": "C.H.", "liblongcat": "Centre Hospitalier (C.H.)", "libcategre": "Centres Hospitaliers", "libcodeape": null, "mft": 3, "libmft": "ARS / DG EPS", "liblongmft": "ARS établissements Publics de santé dotation globale", "sph": "1", "libsph": "Etab.public de santé", "coordx": 1022833.8, "coordy": 6785103.8, "dateautor": "2014-11-13", "dateouvert": "2015-01-01", "cleabs": "COMMUNE_0000000000068066", "nom_offici": "Colmar", "nom_offi_1": "COLMAR", "code_insee": "68066", "superficie": 6660, "typo_urb_r": "urbain dense", "code_urb_r": 6, "REG": 44, "Région": "Grand Est", "DEP": 68, "CODCOM": 66, "Commune": "Colmar", "PTOT": 68390 }, "geometry": { "type": "Point", "coordinates": [ 7.337972404611333, 48.086479887558347 ] } },
{ "type": "Feature", "properties": { "rs": "CHI E.DURKHEIM - PLATEAU DE LA JUSTICE", "numvoie": 2, "typvoie": "AV", "voie": "ROBERT SCHUMAN", "compvoie": null, "lieuditbp": "BP 590", "region": 44, "libregion": "GRAND EST", "departemen": "88", "libdeparte": "VOSGES", "cog": "88160", "codepostal": 88021, "libelle_ro": "EPINAL CEDEX", "telephone": "03 29 68 70 00", "libcateget": "C.H.", "liblongcat": "Centre Hospitalier (C.H.)", "libcategre": "Centres Hospitaliers", "libcodeape": "Activités hospitalières", "mft": 3, "libmft": "ARS / DG EPS", "liblongmft": "ARS établissements Publics de santé dotation globale", "sph": "1", "libsph": "Etab.public de santé", "coordx": 956750.6, "coordy": 6792249.9, "dateautor": "1967-07-01", "dateouvert": "1967-07-01", "cleabs": "COMMUNE_0000000000088160", "nom_offici": "Épinal", "nom_offi_1": "EPINAL", "code_insee": "88160", "superficie": 5920, "typo_urb_r": "urbain densité intermédiaire", "code_urb_r": 5, "REG": 44, "Région": "Grand Est", "DEP": 88, "CODCOM": 160, "Commune": "Épinal", "PTOT": 33588 }, "geometry": { "type": "Point", "coordinates": [ 6.455477793513926, 48.180038924828779 ] } },
{ "type": "Feature", "properties": { "rs": "CHI HMV - SITE GERARDMER", "numvoie": 22, "typvoie": "BD", "voie": "KELSCH", "compvoie": null, "lieuditbp": "BP 129", "region": 44, "libregion": "GRAND EST", "departemen": "88", "libdeparte": "VOSGES", "cog": "88196", "codepostal": 88400, "libelle_ro": "GERARDMER", "telephone": "03 29 60 29 60", "libcateget": "C.H.", "liblongcat": "Centre Hospitalier (C.H.)", "libcategre": "Centres Hospitaliers", "libcodeape": "Activités hospitalières", "mft": 3, "libmft": "ARS / DG EPS", "liblongmft": "ARS établissements Publics de santé dotation globale", "sph": "1", "libsph": "Etab.public de santé", "coordx": 988774.3, "coordy": 6781888.1, "dateautor": "1901-01-01", "dateouvert": "1901-01-01", "cleabs": "COMMUNE_0000000000088196", "nom_offici": "Gérardmer", "nom_offi_1": "GERARDMER", "code_insee": "88196", "superficie": 5480, "typo_urb_r": "urbain densité intermédiaire", "code_urb_r": 5, "REG": 44, "Région": "Grand Est", "DEP": 88, "CODCOM": 196, "Commune": "Gérardmer", "PTOT": 8281 }, "geometry": { "type": "Point", "coordinates": [ 6.878967824487797, 48.073521703780955 ] } },
{ "type": "Feature", "properties": { "rs": "CHI HMV - SITE SAINT DIE DES VOSGES", "numvoie": 26, "typvoie": "R", "voie": "DU NOUVEL HOPITAL", "compvoie": null, "lieuditbp": null, "region": 44, "libregion": "GRAND EST", "departemen": "88", "libdeparte": "VOSGES", "cog": "88413", "codepostal": 88100, "libelle_ro": "ST DIE DES VOSGES", "telephone": "03 29 52 83 00", "libcateget": "C.H.", "liblongcat": "Centre Hospitalier (C.H.)", "libcategre": "Centres Hospitaliers", "libcodeape": "Activités hospitalières", "mft": 3, "libmft": "ARS / DG EPS", "liblongmft": "ARS établissements Publics de santé dotation globale", "sph": "1", "libsph": "Etab.public de santé", "coordx": 993791.5, "coordy": 6806176.0, "dateautor": "1901-01-01", "dateouvert": "1901-01-01", "cleabs": "COMMUNE_0000000000088413", "nom_offici": "Saint-Dié-des-Vosges", "nom_offi_1": "SAINT-DIE-DES-VOSGES", "code_insee": "88413", "superficie": 4610, "typo_urb_r": "urbain densité intermédiaire", "code_urb_r": 5, "REG": 44, "Région": "Grand Est", "DEP": 88, "CODCOM": 413, "Commune": "Saint-Dié-des-Vosges", "PTOT": 19779 }, "geometry": { "type": "Point", "coordinates": [ 6.962608375207175, 48.289554807495165 ] } },
{ "type": "Feature", "properties": { "rs": "CHI L'OUEST VOSGIEN SITE NEUFCHATEAU", "numvoie": 1280, "typvoie": "AV", "voie": "DE LA DIVISION LECLERC", "compvoie": null, "lieuditbp": "BP 249", "region": 44, "libregion": "GRAND EST", "departemen": "88", "libdeparte": "VOSGES", "cog": "88321", "codepostal": 88307, "libelle_ro": "NEUFCHATEAU CEDEX", "telephone": "03 29 94 80 00", "libcateget": "C.H.", "liblongcat": "Centre Hospitalier (C.H.)", "libcategre": "Centres Hospitaliers", "libcodeape": "Activités hospitalières", "mft": 3, "libmft": "ARS / DG EPS", "liblongmft": "ARS établissements Publics de santé dotation globale", "sph": "1", "libsph": "Etab.public de santé", "coordx": 900526.3, "coordy": 6811080.4, "dateautor": "1901-01-01", "dateouvert": "1901-01-01", "cleabs": "COMMUNE_0000000000088321", "nom_offici": "Neufchâteau", "nom_offi_1": "NEUFCHATEAU", "code_insee": "88321", "superficie": 3190, "typo_urb_r": "urbain densité intermédiaire", "code_urb_r": 5, "REG": 44, "Région": "Grand Est", "DEP": 88, "CODCOM": 321, "Commune": "Neufchâteau", "PTOT": 6769 }, "geometry": { "type": "Point", "coordinates": [ 5.7081455937621, 48.369076954323958 ] } },
{ "type": "Feature", "properties": { "rs": "CENTRE HOSPITALIER DE REMIREMONT", "numvoie": 1, "typvoie": "R", "voie": "GEORGES LANG", "compvoie": null, "lieuditbp": "BP 30161", "region": 44, "libregion": "GRAND EST", "departemen": "88", "libdeparte": "VOSGES", "cog": "88383", "codepostal": 88204, "libelle_ro": "REMIREMONT CEDEX", "telephone": "03 29 23 41 41", "libcateget": "C.H.", "liblongcat": "Centre Hospitalier (C.H.)", "libcategre": "Centres Hospitaliers", "libcodeape": "Activités hospitalières", "mft": 3, "libmft": "ARS / DG EPS", "liblongmft": "ARS établissements Publics de santé dotation globale", "sph": "1", "libsph": "Etab.public de santé", "coordx": 967757.1, "coordy": 6774296.9, "dateautor": "1974-04-01", "dateouvert": "1974-04-01", "cleabs": "COMMUNE_0000000000088383", "nom_offici": "Remiremont", "nom_offi_1": "REMIREMONT", "code_insee": "88383", "superficie": 1800, "typo_urb_r": "urbain densité intermédiaire", "code_urb_r": 5, "REG": 44, "Région": "Grand Est", "DEP": 88, "CODCOM": 383, "Commune": "Remiremont", "PTOT": 7745 }, "geometry": { "type": "Point", "coordinates": [ 6.592423032450214, 48.014230324979174 ] } },
{ "type": "Feature", "properties": { "rs": "CHI DE L'OUEST VOSGIEN SITE DE VITTEL", "numvoie": 191, "typvoie": "AV", "voie": "MAURICE BARRES", "compvoie": null, "lieuditbp": "BP 129", "region": 44, "libregion": "GRAND EST", "departemen": "88", "libdeparte": "VOSGES", "cog": "88516", "codepostal": 88804, "libelle_ro": "VITTEL CEDEX", "telephone": "03 29 05 88 88", "libcateget": "C.H.", "liblongcat": "Centre Hospitalier (C.H.)", "libcategre": "Centres Hospitaliers", "libcodeape": "Activités hospitalières", "mft": 3, "libmft": "ARS / DG EPS", "liblongmft": "ARS établissements Publics de santé dotation globale", "sph": "1", "libsph": "Etab.public de santé", "coordx": 918983.0, "coordy": 6793615.9999999991, "dateautor": "1962-10-01", "dateouvert": "1962-10-01", "cleabs": "COMMUNE_0000000000088516", "nom_offici": "Vittel", "nom_offi_1": "VITTEL", "code_insee": "88516", "superficie": 2410, "typo_urb_r": "rural autonome peu dense", "code_urb_r": 1, "REG": 44, "Région": "Grand Est", "DEP": 88, "CODCOM": 516, "Commune": "Vittel", "PTOT": 4902 }, "geometry": { "type": "Point", "coordinates": [ 5.948381606974665, 48.206097455721569 ] } },
{ "type": "Feature", "properties": { "rs": "HOPITAL DE L'AVISON - BRUYERES", "numvoie": 16, "typvoie": "R", "voie": "DE L'HOPITAL", "compvoie": null, "lieuditbp": null, "region": 44, "libregion": "GRAND EST", "departemen": "88", "libdeparte": "VOSGES", "cog": "88078", "codepostal": 88600, "libelle_ro": "BRUYERES", "telephone": "03 29 52 70 00", "libcateget": "C.H. (ex H.L.)", "liblongcat": "Centre hospitalier, ex Hôpital local", "libcategre": "Hôpitaux Locaux", "libcodeape": "Activités hospitalières", "mft": 3, "libmft": "ARS / DG EPS", "liblongmft": "ARS établissements Publics de santé dotation globale", "sph": "1", "libsph": "Etab.public de santé", "coordx": 976551.6, "coordy": 6796141.0, "dateautor": "1901-01-01", "dateouvert": "1901-01-01", "cleabs": "COMMUNE_0000000000088078", "nom_offici": "Bruyères", "nom_offi_1": "BRUYERES", "code_insee": "88078", "superficie": 1600, "typo_urb_r": "rural autonome peu dense", "code_urb_r": 1, "REG": 44, "Région": "Grand Est", "DEP": 88, "CODCOM": 78, "Commune": "Bruyères", "PTOT": 2971 }, "geometry": { "type": "Point", "coordinates": [ 6.724056894417748, 48.20691768279017 ] } },
{ "type": "Feature", "properties": { "rs": "CENTRE HOSPITALIER LES TROIS RIVIERES", "numvoie": 2, "typvoie": "R", "voie": "DES VERGERS", "compvoie": null, "lieuditbp": null, "region": 44, "libregion": "GRAND EST", "departemen": "88", "libdeparte": "VOSGES", "cog": "88094", "codepostal": 88330, "libelle_ro": "CHATEL SUR MOSELLE", "telephone": "03 29 67 90 38", "libcateget": "C.H. (ex H.L.)", "liblongcat": "Centre hospitalier, ex Hôpital local", "libcategre": "Hôpitaux Locaux", "libcodeape": "Activités hospitalières", "mft": 3, "libmft": "ARS / DG EPS", "liblongmft": "ARS établissements Publics de santé dotation globale", "sph": "1", "libsph": "Etab.public de santé", "coordx": 951344.5, "coordy": 6807032.6, "dateautor": "1901-01-01", "dateouvert": "1901-01-01", "cleabs": "COMMUNE_0000000000088094", "nom_offici": "Châtel-sur-Moselle", "nom_offi_1": "CHATEL-SUR-MOSELLE", "code_insee": "88094", "superficie": 1190, "typo_urb_r": "rural sous forte influence d'un pôle", "code_urb_r": 4, "REG": 44, "Région": "Grand Est", "DEP": 88, "CODCOM": 94, "Commune": "Châtel-sur-Moselle", "PTOT": 1779 }, "geometry": { "type": "Point", "coordinates": [ 6.391349540018116, 48.315031181120879 ] } },
{ "type": "Feature", "properties": { "rs": "HOPITAL SITE MATTAINCOURT", "numvoie": 1, "typvoie": "R", "voie": "DU GENERAL DE GAULLE", "compvoie": null, "lieuditbp": null, "region": 44, "libregion": "GRAND EST", "departemen": "88", "libdeparte": "VOSGES", "cog": "88292", "codepostal": 88500, "libelle_ro": "MATTAINCOURT", "telephone": "03 29 37 12 33", "libcateget": "C.H. (ex H.L.)", "liblongcat": "Centre hospitalier, ex Hôpital local", "libcategre": "Hôpitaux Locaux", "libcodeape": "Activités hospitalières", "mft": 3, "libmft": "ARS / DG EPS", "liblongmft": "ARS établissements Publics de santé dotation globale", "sph": "1", "libsph": "Etab.public de santé", "coordx": 932435.0, "coordy": 6802576.6, "dateautor": "1901-01-01", "dateouvert": "1901-01-01", "cleabs": "COMMUNE_0000000000088292", "nom_offici": "Mattaincourt", "nom_offi_1": "MATTAINCOURT", "code_insee": "88292", "superficie": 600, "typo_urb_r": "rural autonome peu dense", "code_urb_r": 1, "REG": 44, "Région": "Grand Est", "DEP": 88, "CODCOM": 292, "Commune": "Mattaincourt", "PTOT": 818 }, "geometry": { "type": "Point", "coordinates": [ 6.134100637900425, 48.282001383457882 ] } },
{ "type": "Feature", "properties": { "rs": "HOPITAL LOCAL DE LAMARCHE", "numvoie": 4, "typvoie": "R", "voie": "DE BELLUNE", "compvoie": null, "lieuditbp": null, "region": 44, "libregion": "GRAND EST", "departemen": "88", "libdeparte": "VOSGES", "cog": "88258", "codepostal": 88320, "libelle_ro": "LAMARCHE", "telephone": "03 29 09 50 28", "libcateget": "C.H. (ex H.L.)", "liblongcat": "Centre hospitalier, ex Hôpital local", "libcategre": "Hôpitaux Locaux", "libcodeape": "Activités hospitalières", "mft": 3, "libmft": "ARS / DG EPS", "liblongmft": "ARS établissements Publics de santé dotation globale", "sph": "1", "libsph": "Etab.public de santé", "coordx": 907038.6, "coordy": 6777975.6, "dateautor": "1901-01-01", "dateouvert": "1901-01-01", "cleabs": "COMMUNE_0000000000088258", "nom_offici": "Lamarche", "nom_offi_1": "LAMARCHE", "code_insee": "88258", "superficie": 3370, "typo_urb_r": "rural autonome peu dense", "code_urb_r": 1, "REG": 44, "Région": "Grand Est", "DEP": 88, "CODCOM": 258, "Commune": "Lamarche", "PTOT": 824 }, "geometry": { "type": "Point", "coordinates": [ 5.780288012138969, 48.069350923874353 ] } },
{ "type": "Feature", "properties": { "rs": "HOPITAL LE THILLOT", "numvoie": 60, "typvoie": "R", "voie": "CHARLES DE GAULLE", "compvoie": null, "lieuditbp": "BP 79", "region": 44, "libregion": "GRAND EST", "departemen": "88", "libdeparte": "VOSGES", "cog": "88468", "codepostal": 88162, "libelle_ro": "LE THILLOT CEDEX", "telephone": "03 29 25 00 79", "libcateget": "C.H.", "liblongcat": "Centre Hospitalier (C.H.)", "libcategre": "Centres Hospitaliers", "libcodeape": "Activités hospitalières", "mft": 3, "libmft": "ARS / DG EPS", "liblongmft": "ARS établissements Publics de santé dotation globale", "sph": "1", "libsph": "Etab.public de santé", "coordx": 981636.1, "coordy": 6759727.2, "dateautor": "1928-01-01", "dateouvert": "1928-01-01", "cleabs": "COMMUNE_0000000000088468", "nom_offici": "Le Thillot", "nom_offi_1": "LE THILLOT", "code_insee": "88468", "superficie": 1510, "typo_urb_r": "urbain densité intermédiaire", "code_urb_r": 5, "REG": 44, "Région": "Grand Est", "DEP": 88, "CODCOM": 468, "Commune": "Le Thillot", "PTOT": 3246 }, "geometry": { "type": "Point", "coordinates": [ 6.769033872834195, 47.877433914747982 ] } },
{ "type": "Feature", "properties": { "rs": "CHI E. DURKHEIM - SITE DE GOLBEY", "numvoie": 13, "typvoie": "R", "voie": "EUGENE LUTHERER", "compvoie": null, "lieuditbp": "BP 39", "region": 44, "libregion": "GRAND EST", "departemen": "88", "libdeparte": "VOSGES", "cog": "88209", "codepostal": 88191, "libelle_ro": "GOLBEY CEDEX", "telephone": "03 29 68 15 15", "libcateget": "C.H.", "liblongcat": "Centre Hospitalier (C.H.)", "libcategre": "Centres Hospitaliers", "libcodeape": "Activités hospitalières", "mft": 3, "libmft": "ARS / DG EPS", "liblongmft": "ARS établissements Publics de santé dotation globale", "sph": "1", "libsph": "Etab.public de santé", "coordx": 954940.2, "coordy": 6793857.4, "dateautor": "1986-04-30", "dateouvert": "1986-04-30", "cleabs": "COMMUNE_0000000000088209", "nom_offici": "Golbey", "nom_offi_1": "GOLBEY", "code_insee": "88209", "superficie": 950, "typo_urb_r": "urbain densité intermédiaire", "code_urb_r": 5, "REG": 44, "Région": "Grand Est", "DEP": 88, "CODCOM": 209, "Commune": "Golbey", "PTOT": 8946 }, "geometry": { "type": "Point", "coordinates": [ 6.432083049567872, 48.195199670915599 ] } },
{ "type": "Feature", "properties": { "rs": "CHI E.DURKHEIM-MAISON DE SANTE ST JEAN", "numvoie": 31, "typvoie": "R", "voie": "THIERS", "compvoie": null, "lieuditbp": null, "region": 44, "libregion": "GRAND EST", "departemen": "88", "libdeparte": "VOSGES", "cog": "88160", "codepostal": 88000, "libelle_ro": "EPINAL", "telephone": "03 29 68 70 00", "libcateget": "C.H.", "liblongcat": "Centre Hospitalier (C.H.)", "libcategre": "Centres Hospitaliers", "libcodeape": "Activités hospitalières", "mft": 3, "libmft": "ARS / DG EPS", "liblongmft": "ARS établissements Publics de santé dotation globale", "sph": "1", "libsph": "Etab.public de santé", "coordx": 956508.4, "coordy": 6791033.1, "dateautor": "2009-03-17", "dateouvert": "2009-03-19", "cleabs": "COMMUNE_0000000000088160", "nom_offici": "Épinal", "nom_offi_1": "EPINAL", "code_insee": "88160", "superficie": 5920, "typo_urb_r": "urbain densité intermédiaire", "code_urb_r": 5, "REG": 44, "Région": "Grand Est", "DEP": 88, "CODCOM": 160, "Commune": "Épinal", "PTOT": 33588 }, "geometry": { "type": "Point", "coordinates": [ 6.451506933956455, 48.169195824378342 ] } },
{ "type": "Feature", "properties": { "rs": "CHI HMV - ANTENNE SMUR", "numvoie": 22, "typvoie": "BD", "voie": "KELSCH", "compvoie": null, "lieuditbp": "BP 129", "region": 44, "libregion": "GRAND EST", "departemen": "88", "libdeparte": "VOSGES", "cog": "88196", "codepostal": 88400, "libelle_ro": "GERARDMER", "telephone": "03 29 60 29 60", "libcateget": "C.H.", "liblongcat": "Centre Hospitalier (C.H.)", "libcategre": "Centres Hospitaliers", "libcodeape": "Activités hospitalières", "mft": 3, "libmft": "ARS / DG EPS", "liblongmft": "ARS établissements Publics de santé dotation globale", "sph": "1", "libsph": "Etab.public de santé", "coordx": 988774.3, "coordy": 6781888.1, "dateautor": "2007-02-20", "dateouvert": "2009-03-13", "cleabs": "COMMUNE_0000000000088196", "nom_offici": "Gérardmer", "nom_offi_1": "GERARDMER", "code_insee": "88196", "superficie": 5480, "typo_urb_r": "urbain densité intermédiaire", "code_urb_r": 5, "REG": 44, "Région": "Grand Est", "DEP": 88, "CODCOM": 196, "Commune": "Gérardmer", "PTOT": 8281 }, "geometry": { "type": "Point", "coordinates": [ 6.878967824487797, 48.073521703780955 ] } },
{ "type": "Feature", "properties": { "rs": "CHI HMV SITE DES 5 VALLEES", "numvoie": 75, "typvoie": "R", "voie": "DU PETIT HINBAUMONT", "compvoie": null, "lieuditbp": null, "region": 44, "libregion": "GRAND EST", "departemen": "88", "libdeparte": "VOSGES", "cog": "88319", "codepostal": 88420, "libelle_ro": "MOYENMOUTIER", "telephone": "03 29 42 24 30", "libcateget": "C.H.", "liblongcat": "Centre Hospitalier (C.H.)", "libcategre": "Centres Hospitaliers", "libcodeape": "Activités hospitalières", "mft": 3, "libmft": "ARS / DG EPS", "liblongmft": "ARS établissements Publics de santé dotation globale", "sph": "1", "libsph": "Etab.public de santé", "coordx": 987878.7, "coordy": 6814958.9, "dateautor": "2022-10-28", "dateouvert": "2022-04-01", "cleabs": "COMMUNE_0000000000088319", "nom_offici": "Moyenmoutier", "nom_offi_1": "MOYENMOUTIER", "code_insee": "88319", "superficie": 3420, "typo_urb_r": "rural sous faible influence d'un pôle", "code_urb_r": 3, "REG": 44, "Région": "Grand Est", "DEP": 88, "CODCOM": 319, "Commune": "Moyenmoutier", "PTOT": 3060 }, "geometry": { "type": "Point", "coordinates": [ 6.888817009519038, 48.371121318034554 ] } },
{ "type": "Feature", "properties": { "rs": "CHI E. DURKHEIM", "numvoie": 3, "typvoie": "AV", "voie": "ROBERT SCHUMAN", "compvoie": null, "lieuditbp": null, "region": 44, "libregion": "GRAND EST", "departemen": "88", "libdeparte": "VOSGES", "cog": "88160", "codepostal": 88000, "libelle_ro": "EPINAL", "telephone": null, "libcateget": "C.H.", "liblongcat": "Centre Hospitalier (C.H.)", "libcategre": "Centres Hospitaliers", "libcodeape": "Activités hospitalières", "mft": 3, "libmft": "ARS / DG EPS", "liblongmft": "ARS établissements Publics de santé dotation globale", "sph": "1", "libsph": "Etab.public de santé", "coordx": 956734.9, "coordy": 6792229.1, "dateautor": "2012-01-01", "dateouvert": "2024-06-07", "cleabs": "COMMUNE_0000000000088160", "nom_offici": "Épinal", "nom_offi_1": "EPINAL", "code_insee": "88160", "superficie": 5920, "typo_urb_r": "urbain densité intermédiaire", "code_urb_r": 5, "REG": 44, "Région": "Grand Est", "DEP": 88, "CODCOM": 160, "Commune": "Épinal", "PTOT": 33588 }, "geometry": { "type": "Point", "coordinates": [ 6.455254522995703, 48.17985812467743 ] } },
{ "type": "Feature", "properties": { "rs": "POLYCLINIQUE LA LIGNE BLEUE", "numvoie": 9, "typvoie": "AV", "voie": "DU ROSE POIRIER", "compvoie": null, "lieuditbp": "BP 1079", "region": 44, "libregion": "GRAND EST", "departemen": "88", "libdeparte": "VOSGES", "cog": "88160", "codepostal": 88060, "libelle_ro": "EPINAL CEDEX 9", "telephone": "03 29 68 60 60", "libcateget": "Etab.Soins Pluridis.", "liblongcat": "Etablissement de Soins Pluridisciplinaire", "libcategre": "Soins Courte Durée", "libcodeape": "Activités hospitalières", "mft": 7, "libmft": "ARS / san pr non DG", "liblongmft": "ARS établissements de santé non financés dotation globale", "sph": "0", "libsph": "Non concerné", "coordx": 957263.9, "coordy": 6794513.7, "dateautor": "1990-03-06", "dateouvert": "1991-10-29", "cleabs": "COMMUNE_0000000000088160", "nom_offici": "Épinal", "nom_offi_1": "EPINAL", "code_insee": "88160", "superficie": 5920, "typo_urb_r": "urbain densité intermédiaire", "code_urb_r": 5, "REG": 44, "Région": "Grand Est", "DEP": 88, "CODCOM": 160, "Commune": "Épinal", "PTOT": 33588 }, "geometry": { "type": "Point", "coordinates": [ 6.463712798182464, 48.200186703986468 ] } }
]
}
